USE QuanLyNhaSach
GO

SET IDENTITY_INSERT [dbo].[TheLoai] ON 
INSERT [dbo].[TheLoai] ([MaTL], [TenTL]) VALUES (1, N'Tiểu thuyết')
INSERT [dbo].[TheLoai] ([MaTL], [TenTL]) VALUES (2, N'Tâm lý - Kỹ năng sống')
INSERT [dbo].[TheLoai] ([MaTL], [TenTL]) VALUES (3, N'Kinh tế - Chính trị - Pháp lý')
INSERT [dbo].[TheLoai] ([MaTL], [TenTL]) VALUES (4, N'Truyện tranh')
SET IDENTITY_INSERT [dbo].[TheLoai] OFF
GO

SET IDENTITY_INSERT [dbo].[TacGia] ON 
INSERT [dbo].[TacGia] ([MaTG], [TenTG]) VALUES (1, N'Bảo Ninh')
INSERT [dbo].[TacGia] ([MaTG], [TenTG]) VALUES (2, N'Bat Saber')
INSERT [dbo].[TacGia] ([MaTG], [TenTG]) VALUES (3, N'Đặng Thùy Trâm')
INSERT [dbo].[TacGia] ([MaTG], [TenTG]) VALUES (4, N'E. Nesbit')
INSERT [dbo].[TacGia] ([MaTG], [TenTG]) VALUES (5, N'Fredrik Backman')
INSERT [dbo].[TacGia] ([MaTG], [TenTG]) VALUES (6, N'Hạ Mer')
INSERT [dbo].[TacGia] ([MaTG], [TenTG]) VALUES (7, N'Hà Thanh Hải Yến')
INSERT [dbo].[TacGia] ([MaTG], [TenTG]) VALUES (8, N'Hector Malot')
INSERT [dbo].[TacGia] ([MaTG], [TenTG]) VALUES (9, N'Hồ Chí Minh')
INSERT [dbo].[TacGia] ([MaTG], [TenTG]) VALUES (10, N'Jeffrey Archer')
INSERT [dbo].[TacGia] ([MaTG], [TenTG]) VALUES (11, N'José Mauro de Vasconcelos')
INSERT [dbo].[TacGia] ([MaTG], [TenTG]) VALUES (12, N'Jules Verne')
INSERT [dbo].[TacGia] ([MaTG], [TenTG]) VALUES (13, N'M.A.S')
INSERT [dbo].[TacGia] ([MaTG], [TenTG]) VALUES (14, N'Nấm')
INSERT [dbo].[TacGia] ([MaTG], [TenTG]) VALUES (15, N'Natsu Hyuuga')
INSERT [dbo].[TacGia] ([MaTG], [TenTG]) VALUES (16, N'Nhiều tác giả')
INSERT [dbo].[TacGia] ([MaTG], [TenTG]) VALUES (17, N'Nikolai Ostrovsky')
INSERT [dbo].[TacGia] ([MaTG], [TenTG]) VALUES (18, N'Paulo Coelho')
INSERT [dbo].[TacGia] ([MaTG], [TenTG]) VALUES (19, N'Phạm Lữ Ân')
INSERT [dbo].[TacGia] ([MaTG], [TenTG]) VALUES (20, N'Thương Thái Vi')
INSERT [dbo].[TacGia] ([MaTG], [TenTG]) VALUES (21, N'Tờ Pi')
INSERT [dbo].[TacGia] ([MaTG], [TenTG]) VALUES (22, N'Tuế Kiến')
INSERT [dbo].[TacGia] ([MaTG], [TenTG]) VALUES (23, N'Yoshichi Shimada')
INSERT [dbo].[TacGia] ([MaTG], [TenTG]) VALUES (24, N'Barbara Oakley')
INSERT [dbo].[TacGia] ([MaTG], [TenTG]) VALUES (25, N'C.G. Jung')
INSERT [dbo].[TacGia] ([MaTG], [TenTG]) VALUES (26, N'Đại đức Haemin')
INSERT [dbo].[TacGia] ([MaTG], [TenTG]) VALUES (27, N'Dale Carnegie')
INSERT [dbo].[TacGia] ([MaTG], [TenTG]) VALUES (28, N'Giản Tư Trung')
INSERT [dbo].[TacGia] ([MaTG], [TenTG]) VALUES (29, N'James Clear')
INSERT [dbo].[TacGia] ([MaTG], [TenTG]) VALUES (30, N'Jeon Seung Hwan')
INSERT [dbo].[TacGia] ([MaTG], [TenTG]) VALUES (31, N'John D. Rockefeller')
INSERT [dbo].[TacGia] ([MaTG], [TenTG]) VALUES (32, N'Joseph Murphy')
INSERT [dbo].[TacGia] ([MaTG], [TenTG]) VALUES (33, N'Kevin Simler & Robin Hanson')
INSERT [dbo].[TacGia] ([MaTG], [TenTG]) VALUES (34, N'M. Scott Peck')
INSERT [dbo].[TacGia] ([MaTG], [TenTG]) VALUES (35, N'Marilee Adams')
INSERT [dbo].[TacGia] ([MaTG], [TenTG]) VALUES (36, N'Marshall B. Rosenberg')
INSERT [dbo].[TacGia] ([MaTG], [TenTG]) VALUES (37, N'Mihaly Csikszentmihalyi')
INSERT [dbo].[TacGia] ([MaTG], [TenTG]) VALUES (38, N'Minh Niệm')
INSERT [dbo].[TacGia] ([MaTG], [TenTG]) VALUES (39, N'Nguyễn Anh Dũng')
INSERT [dbo].[TacGia] ([MaTG], [TenTG]) VALUES (40, N'Nick Trenton')
INSERT [dbo].[TacGia] ([MaTG], [TenTG]) VALUES (41, N'Pema Chödrön')
INSERT [dbo].[TacGia] ([MaTG], [TenTG]) VALUES (42, N'Richard David Precht')
INSERT [dbo].[TacGia] ([MaTG], [TenTG]) VALUES (43, N'Trác Nhã')
INSERT [dbo].[TacGia] ([MaTG], [TenTG]) VALUES (44, N'Vãn Tình')
INSERT [dbo].[TacGia] ([MaTG], [TenTG]) VALUES (45, N'Viktor E. Frankl')
INSERT [dbo].[TacGia] ([MaTG], [TenTG]) VALUES (46, N'Ocean Vuong')
INSERT [dbo].[TacGia] ([MaTG], [TenTG]) VALUES (47, N'Chu Vân')
INSERT [dbo].[TacGia] ([MaTG], [TenTG]) VALUES (48, N'Chung Ju Yung')
INSERT [dbo].[TacGia] ([MaTG], [TenTG]) VALUES (49, N'Dan Nicholson')
INSERT [dbo].[TacGia] ([MaTG], [TenTG]) VALUES (50, N'Dawn Fotopulos')
INSERT [dbo].[TacGia] ([MaTG], [TenTG]) VALUES (51, N'George S. Clason')
INSERT [dbo].[TacGia] ([MaTG], [TenTG]) VALUES (52, N'Grant Cardone')
INSERT [dbo].[TacGia] ([MaTG], [TenTG]) VALUES (53, N'Hirata Haruyo')
INSERT [dbo].[TacGia] ([MaTG], [TenTG]) VALUES (54, N'Hoàng Nam Tiến')
INSERT [dbo].[TacGia] ([MaTG], [TenTG]) VALUES (55, N'Howard Schultz')
INSERT [dbo].[TacGia] ([MaTG], [TenTG]) VALUES (56, N'Jason Barron')
INSERT [dbo].[TacGia] ([MaTG], [TenTG]) VALUES (57, N'Jim Collins')
INSERT [dbo].[TacGia] ([MaTG], [TenTG]) VALUES (58, N'John Perkins')
INSERT [dbo].[TacGia] ([MaTG], [TenTG]) VALUES (59, N'Lâm Minh Chánh')
INSERT [dbo].[TacGia] ([MaTG], [TenTG]) VALUES (60, N'Mary Buffett & David Clark')
INSERT [dbo].[TacGia] ([MaTG], [TenTG]) VALUES (61, N'Napoleon Hill')
INSERT [dbo].[TacGia] ([MaTG], [TenTG]) VALUES (62, N'Nguyễn Tiến Quốc')
INSERT [dbo].[TacGia] ([MaTG], [TenTG]) VALUES (63, N'Og Mandino')
INSERT [dbo].[TacGia] ([MaTG], [TenTG]) VALUES (64, N'Philip A. Fisher')
INSERT [dbo].[TacGia] ([MaTG], [TenTG]) VALUES (65, N'Robert Greene')
INSERT [dbo].[TacGia] ([MaTG], [TenTG]) VALUES (66, N'T. Harv Eker')
INSERT [dbo].[TacGia] ([MaTG], [TenTG]) VALUES (67, N'Chieko Hosokawa & Fumin')
INSERT [dbo].[TacGia] ([MaTG], [TenTG]) VALUES (68, N'Chihiro Kawakami')
INSERT [dbo].[TacGia] ([MaTG], [TenTG]) VALUES (69, N'Eiichiro Oda')
INSERT [dbo].[TacGia] ([MaTG], [TenTG]) VALUES (70, N'Gege Akutami')
INSERT [dbo].[TacGia] ([MaTG], [TenTG]) VALUES (71, N'Gosho Aoyama')
INSERT [dbo].[TacGia] ([MaTG], [TenTG]) VALUES (72, N'Itaru Kinoshita')
INSERT [dbo].[TacGia] ([MaTG], [TenTG]) VALUES (73, N'Katarina & Ryosuke Fuji')
INSERT [dbo].[TacGia] ([MaTG], [TenTG]) VALUES (74, N'Kouji Miura')
INSERT [dbo].[TacGia] ([MaTG], [TenTG]) VALUES (75, N'Koyoharu Gotouge')
INSERT [dbo].[TacGia] ([MaTG], [TenTG]) VALUES (76, N'Megumi Morino')
INSERT [dbo].[TacGia] ([MaTG], [TenTG]) VALUES (77, N'Nao Iwamoto')
INSERT [dbo].[TacGia] ([MaTG], [TenTG]) VALUES (78, N'Reiko Shimizu')
INSERT [dbo].[TacGia] ([MaTG], [TenTG]) VALUES (79, N'Saka Mikami')
INSERT [dbo].[TacGia] ([MaTG], [TenTG]) VALUES (80, N'Thăng Fly')
INSERT [dbo].[TacGia] ([MaTG], [TenTG]) VALUES (81, N'Tougo Goto & Kento Matsuura')
INSERT [dbo].[TacGia] ([MaTG], [TenTG]) VALUES (82, N'Yasuki Tanaka')
INSERT [dbo].[TacGia] ([MaTG], [TenTG]) VALUES (83, N'Chugong & DUBU')
SET IDENTITY_INSERT [dbo].[TacGia] OFF
GO

SET IDENTITY_INSERT [dbo].[NhaXuatBan] ON 
INSERT [dbo].[NhaXuatBan] ([MaNXB], [TenNXB]) VALUES (1, N'NXB Dân Trí')
INSERT [dbo].[NhaXuatBan] ([MaNXB], [TenNXB]) VALUES (2, N'NXB Hà Nội')
INSERT [dbo].[NhaXuatBan] ([MaNXB], [TenNXB]) VALUES (3, N'NXB Hội Nhà Văn')
INSERT [dbo].[NhaXuatBan] ([MaNXB], [TenNXB]) VALUES (4, N'NXB Phụ Nữ Việt Nam')
INSERT [dbo].[NhaXuatBan] ([MaNXB], [TenNXB]) VALUES (5, N'NXB Thanh Niên')
INSERT [dbo].[NhaXuatBan] ([MaNXB], [TenNXB]) VALUES (6, N'NXB Tổng Hợp')
INSERT [dbo].[NhaXuatBan] ([MaNXB], [TenNXB]) VALUES (7, N'NXB Trẻ')
INSERT [dbo].[NhaXuatBan] ([MaNXB], [TenNXB]) VALUES (8, N'NXB Văn Học')
INSERT [dbo].[NhaXuatBan] ([MaNXB], [TenNXB]) VALUES (9, N'NXB Thế Giới')
INSERT [dbo].[NhaXuatBan] ([MaNXB], [TenNXB]) VALUES (10, N'NXB Tổng Hợp TP.HCM')
INSERT [dbo].[NhaXuatBan] ([MaNXB], [TenNXB]) VALUES (11, N'NXB Công Thương')
INSERT [dbo].[NhaXuatBan] ([MaNXB], [TenNXB]) VALUES (12, N'NXB Kim Đồng')
SET IDENTITY_INSERT [dbo].[NhaXuatBan] OFF
GO

SET IDENTITY_INSERT [dbo].[NguoiDung] ON 
INSERT [dbo].[NguoiDung] ([MaND], [HoTen], [GioiTinh], [Email], [Sdt], [DiaChi], [TenND], [MatKhau]) VALUES (1, N'Trần Thị Linh', N'Nam', N'user_001@gmail.com', N'0910845045', N'Số 42 Quang Trung, Phường Thông Tây Hội', N'user_001', N'$2a$11$3GLCKkVTcotUPQeRZcyC2.BYCz2OvtOM/Tug8NDewdt8xWDEtr/F.')
INSERT [dbo].[NguoiDung] ([MaND], [HoTen], [GioiTinh], [Email], [Sdt], [DiaChi], [TenND], [MatKhau]) VALUES (2, N'Phạm Thanh Trang', N'Nam', N'user_002@gmail.com', N'0884030063', N'Số 407 Nguyễn Văn Linh, Phường Tân Hưng', N'user_002', N'$2a$11$3GLCKkVTcotUPQeRZcyC2.BYCz2OvtOM/Tug8NDewdt8xWDEtr/F.')
INSERT [dbo].[NguoiDung] ([MaND], [HoTen], [GioiTinh], [Email], [Sdt], [DiaChi], [TenND], [MatKhau]) VALUES (3, N'Phạm Minh Khang', N'Nam', N'user_003@gmail.com', N'0842043805', N'Số 174 Hồ Hảo Hớn, Phường Cầu Ông Lãnh', N'user_003', N'$2a$11$3GLCKkVTcotUPQeRZcyC2.BYCz2OvtOM/Tug8NDewdt8xWDEtr/F.')
INSERT [dbo].[NguoiDung] ([MaND], [HoTen], [GioiTinh], [Email], [Sdt], [DiaChi], [TenND], [MatKhau]) VALUES (4, N'Huỳnh Đình Phát', N'Nam', N'user_004@gmail.com', N'0301103867', N'Số 97 Sư Vạn Hạnh, Phường Hòa Hưng', N'user_004', N'$2a$11$3GLCKkVTcotUPQeRZcyC2.BYCz2OvtOM/Tug8NDewdt8xWDEtr/F.')
INSERT [dbo].[NguoiDung] ([MaND], [HoTen], [GioiTinh], [Email], [Sdt], [DiaChi], [TenND], [MatKhau]) VALUES (5, N'Phan Đình Anh', N'Nữ', N'user_005@gmail.com', N'0302768651', N'Số 164 Võ Văn Tần, Phường Xuân Hòa', N'user_005', N'$2a$11$3GLCKkVTcotUPQeRZcyC2.BYCz2OvtOM/Tug8NDewdt8xWDEtr/F.')
INSERT [dbo].[NguoiDung] ([MaND], [HoTen], [GioiTinh], [Email], [Sdt], [DiaChi], [TenND], [MatKhau]) VALUES (6, N'Vũ Hải Huệ', N'Nữ', N'user_006@gmail.com', N'0845577744', N'Số 163 Kha Vạn Cân, Phường Linh Xuân', N'user_006', N'$2a$11$3GLCKkVTcotUPQeRZcyC2.BYCz2OvtOM/Tug8NDewdt8xWDEtr/F.')
INSERT [dbo].[NguoiDung] ([MaND], [HoTen], [GioiTinh], [Email], [Sdt], [DiaChi], [TenND], [MatKhau]) VALUES (7, N'Đặng Đức Nhi', N'Nam', N'user_007@gmail.com', N'0354792189', N'Số 208 Sư Vạn Hạnh, Phường Hòa Hưng', N'user_007', N'$2a$11$3GLCKkVTcotUPQeRZcyC2.BYCz2OvtOM/Tug8NDewdt8xWDEtr/F.')
INSERT [dbo].[NguoiDung] ([MaND], [HoTen], [GioiTinh], [Email], [Sdt], [DiaChi], [TenND], [MatKhau]) VALUES (8, N'Đặng Xuân Hà', N'Nam', N'user_008@gmail.com', N'0387738078', N'Số 189 Hồ Hảo Hớn, Phường Cầu Ông Lãnh', N'user_008', N'$2a$11$3GLCKkVTcotUPQeRZcyC2.BYCz2OvtOM/Tug8NDewdt8xWDEtr/F.')
INSERT [dbo].[NguoiDung] ([MaND], [HoTen], [GioiTinh], [Email], [Sdt], [DiaChi], [TenND], [MatKhau]) VALUES (9, N'Phạm Hải Hương', N'Nữ', N'user_009@gmail.com', N'0845129641', N'Số 3 Hồ Hảo Hớn, Phường Cầu Ông Lãnh', N'user_009', N'$2a$11$3GLCKkVTcotUPQeRZcyC2.BYCz2OvtOM/Tug8NDewdt8xWDEtr/F.')
INSERT [dbo].[NguoiDung] ([MaND], [HoTen], [GioiTinh], [Email], [Sdt], [DiaChi], [TenND], [MatKhau]) VALUES (10, N'Trần Văn Trang', N'Nam', N'user_010@gmail.com', N'0985277763', N'Số 136 Điện Biên Phủ, Phường Vườn Lài', N'user_010', N'$2a$11$3GLCKkVTcotUPQeRZcyC2.BYCz2OvtOM/Tug8NDewdt8xWDEtr/F.')
INSERT [dbo].[NguoiDung] ([MaND], [HoTen], [GioiTinh], [Email], [Sdt], [DiaChi], [TenND], [MatKhau]) VALUES (11, N'Phan Minh Huệ', N'Nam', N'user_011@gmail.com', N'0884668994', N'Số 183 An Dương Vương, Phường An Lạc', N'user_011', N'$2a$11$3GLCKkVTcotUPQeRZcyC2.BYCz2OvtOM/Tug8NDewdt8xWDEtr/F.')
INSERT [dbo].[NguoiDung] ([MaND], [HoTen], [GioiTinh], [Email], [Sdt], [DiaChi], [TenND], [MatKhau]) VALUES (12, N'Đặng Ngọc Trang', N'Nam', N'user_012@gmail.com', N'0861629237', N'Số 220 Lê Lợi, Phường Sài Gòn', N'user_012', N'$2a$11$3GLCKkVTcotUPQeRZcyC2.BYCz2OvtOM/Tug8NDewdt8xWDEtr/F.')
INSERT [dbo].[NguoiDung] ([MaND], [HoTen], [GioiTinh], [Email], [Sdt], [DiaChi], [TenND], [MatKhau]) VALUES (13, N'Phan Văn Vy', N'Nam', N'user_013@gmail.com', N'0915076688', N'Số 386 Sư Vạn Hạnh, Phường Hòa Hưng', N'user_013', N'$2a$11$3GLCKkVTcotUPQeRZcyC2.BYCz2OvtOM/Tug8NDewdt8xWDEtr/F.')
INSERT [dbo].[NguoiDung] ([MaND], [HoTen], [GioiTinh], [Email], [Sdt], [DiaChi], [TenND], [MatKhau]) VALUES (14, N'Phạm Đình Hương', N'Nữ', N'user_014@gmail.com', N'0911511241', N'Số 266 Nguyễn Bình, Phường Hiệp Phước', N'user_014', N'$2a$11$3GLCKkVTcotUPQeRZcyC2.BYCz2OvtOM/Tug8NDewdt8xWDEtr/F.')
INSERT [dbo].[NguoiDung] ([MaND], [HoTen], [GioiTinh], [Email], [Sdt], [DiaChi], [TenND], [MatKhau]) VALUES (15, N'Vũ Ngọc Khoa', N'Nữ', N'user_015@gmail.com', N'0326188478', N'Số 106 Nguyễn Văn Linh, Phường Tân Hưng', N'user_015', N'$2a$11$3GLCKkVTcotUPQeRZcyC2.BYCz2OvtOM/Tug8NDewdt8xWDEtr/F.')
INSERT [dbo].[NguoiDung] ([MaND], [HoTen], [GioiTinh], [Email], [Sdt], [DiaChi], [TenND], [MatKhau]) VALUES (16, N'Nguyễn Đức Anh', N'Nam', N'user_016@gmail.com', N'0954254657', N'Số 395 Nguyễn Bình, Phường Hiệp Phước', N'user_016', N'$2a$11$3GLCKkVTcotUPQeRZcyC2.BYCz2OvtOM/Tug8NDewdt8xWDEtr/F.')
INSERT [dbo].[NguoiDung] ([MaND], [HoTen], [GioiTinh], [Email], [Sdt], [DiaChi], [TenND], [MatKhau]) VALUES (17, N'Trần Đức Anh', N'Nam', N'user_017@gmail.com', N'0832860596', N'Số 216 Trần Quốc Thảo, Phường Xuân Hòa', N'user_017', N'$2a$11$3GLCKkVTcotUPQeRZcyC2.BYCz2OvtOM/Tug8NDewdt8xWDEtr/F.')
INSERT [dbo].[NguoiDung] ([MaND], [HoTen], [GioiTinh], [Email], [Sdt], [DiaChi], [TenND], [MatKhau]) VALUES (18, N'Nguyễn Văn Tâm', N'Nữ', N'user_018@gmail.com', N'0870024846', N'Số 18 An Dương Vương, Phường An Lạc', N'user_018', N'$2a$11$3GLCKkVTcotUPQeRZcyC2.BYCz2OvtOM/Tug8NDewdt8xWDEtr/F.')
INSERT [dbo].[NguoiDung] ([MaND], [HoTen], [GioiTinh], [Email], [Sdt], [DiaChi], [TenND], [MatKhau]) VALUES (19, N'Lê Hữu Khiết', N'Nữ', N'user_019@gmail.com', N'0802143237', N'Số 269 Lê Lợi, Phường Sài Gòn', N'user_019', N'$2a$11$3GLCKkVTcotUPQeRZcyC2.BYCz2OvtOM/Tug8NDewdt8xWDEtr/F.')
INSERT [dbo].[NguoiDung] ([MaND], [HoTen], [GioiTinh], [Email], [Sdt], [DiaChi], [TenND], [MatKhau]) VALUES (20, N'Trần Ngọc Minh', N'Nữ', N'user_020@gmail.com', N'0870951407', N'Số 377 Võ Văn Tần, Phường Xuân Hòa', N'user_020', N'$2a$11$3GLCKkVTcotUPQeRZcyC2.BYCz2OvtOM/Tug8NDewdt8xWDEtr/F.')
INSERT [dbo].[NguoiDung] ([MaND], [HoTen], [GioiTinh], [Email], [Sdt], [DiaChi], [TenND], [MatKhau]) VALUES (21, N'Hoàng Đình Khang', N'Nam', N'user_021@gmail.com', N'0398034643', N'Số 74 Mai Thị Lựu, Phường Tân Định', N'user_021', N'$2a$11$3GLCKkVTcotUPQeRZcyC2.BYCz2OvtOM/Tug8NDewdt8xWDEtr/F.')
INSERT [dbo].[NguoiDung] ([MaND], [HoTen], [GioiTinh], [Email], [Sdt], [DiaChi], [TenND], [MatKhau]) VALUES (22, N'Nguyễn Đình Tuấn', N'Nam', N'user_022@gmail.com', N'0824227644', N'Số 275 Võ Văn Tần, Phường Xuân Hòa', N'user_022', N'$2a$11$3GLCKkVTcotUPQeRZcyC2.BYCz2OvtOM/Tug8NDewdt8xWDEtr/F.')
INSERT [dbo].[NguoiDung] ([MaND], [HoTen], [GioiTinh], [Email], [Sdt], [DiaChi], [TenND], [MatKhau]) VALUES (23, N'Phan Minh Khoa', N'Nữ', N'user_023@gmail.com', N'0876572581', N'Số 433 Võ Văn Tần, Phường Xuân Hòa', N'user_023', N'$2a$11$3GLCKkVTcotUPQeRZcyC2.BYCz2OvtOM/Tug8NDewdt8xWDEtr/F.')
INSERT [dbo].[NguoiDung] ([MaND], [HoTen], [GioiTinh], [Email], [Sdt], [DiaChi], [TenND], [MatKhau]) VALUES (24, N'Đặng Ngọc Vy', N'Nam', N'user_024@gmail.com', N'0844675790', N'Số 38 An Dương Vương, Phường An Lạc', N'user_024', N'$2a$11$3GLCKkVTcotUPQeRZcyC2.BYCz2OvtOM/Tug8NDewdt8xWDEtr/F.')
INSERT [dbo].[NguoiDung] ([MaND], [HoTen], [GioiTinh], [Email], [Sdt], [DiaChi], [TenND], [MatKhau]) VALUES (25, N'Phan Đức Khoa', N'Nam', N'user_025@gmail.com', N'0335227560', N'Số 325 Quang Trung, Phường Thông Tây Hội', N'user_025', N'$2a$11$3GLCKkVTcotUPQeRZcyC2.BYCz2OvtOM/Tug8NDewdt8xWDEtr/F.')
INSERT [dbo].[NguoiDung] ([MaND], [HoTen], [GioiTinh], [Email], [Sdt], [DiaChi], [TenND], [MatKhau]) VALUES (26, N'Lê Đình Trang', N'Nam', N'user_026@gmail.com', N'0838333184', N'Số 432 Điện Biên Phủ, Phường Vườn Lài', N'user_026', N'$2a$11$3GLCKkVTcotUPQeRZcyC2.BYCz2OvtOM/Tug8NDewdt8xWDEtr/F.')
INSERT [dbo].[NguoiDung] ([MaND], [HoTen], [GioiTinh], [Email], [Sdt], [DiaChi], [TenND], [MatKhau]) VALUES (27, N'Nguyễn Thanh Khiết', N'Nữ', N'user_027@gmail.com', N'0348233364', N'Số 391 Kha Vạn Cân, Phường Linh Xuân', N'user_027', N'$2a$11$3GLCKkVTcotUPQeRZcyC2.BYCz2OvtOM/Tug8NDewdt8xWDEtr/F.')
INSERT [dbo].[NguoiDung] ([MaND], [HoTen], [GioiTinh], [Email], [Sdt], [DiaChi], [TenND], [MatKhau]) VALUES (28, N'Nguyễn Hữu Phát', N'Nam', N'user_028@gmail.com', N'0339656466', N'Số 353 An Dương Vương, Phường An Lạc', N'user_028', N'$2a$11$3GLCKkVTcotUPQeRZcyC2.BYCz2OvtOM/Tug8NDewdt8xWDEtr/F.')
INSERT [dbo].[NguoiDung] ([MaND], [HoTen], [GioiTinh], [Email], [Sdt], [DiaChi], [TenND], [MatKhau]) VALUES (29, N'Phạm Minh Tâm', N'Nữ', N'user_029@gmail.com', N'0367403126', N'Số 195 Mai Thị Lựu, Phường Tân Định', N'user_029', N'$2a$11$3GLCKkVTcotUPQeRZcyC2.BYCz2OvtOM/Tug8NDewdt8xWDEtr/F.')
INSERT [dbo].[NguoiDung] ([MaND], [HoTen], [GioiTinh], [Email], [Sdt], [DiaChi], [TenND], [MatKhau]) VALUES (30, N'Huỳnh Minh Vy', N'Nữ', N'user_030@gmail.com', N'0928161006', N'Số 294 Mai Thị Lựu, Phường Tân Định', N'user_030', N'$2a$11$3GLCKkVTcotUPQeRZcyC2.BYCz2OvtOM/Tug8NDewdt8xWDEtr/F.')
INSERT [dbo].[NguoiDung] ([MaND], [HoTen], [GioiTinh], [Email], [Sdt], [DiaChi], [TenND], [MatKhau]) VALUES (31, N'Đặng Đức Tuấn', N'Nam', N'user_031@gmail.com', N'0370607288', N'Số 174 Nguyễn Bình, Phường Hiệp Phước', N'user_031', N'$2a$11$3GLCKkVTcotUPQeRZcyC2.BYCz2OvtOM/Tug8NDewdt8xWDEtr/F.')
INSERT [dbo].[NguoiDung] ([MaND], [HoTen], [GioiTinh], [Email], [Sdt], [DiaChi], [TenND], [MatKhau]) VALUES (32, N'Phạm Hải Trang', N'Nữ', N'user_032@gmail.com', N'0941382845', N'Số 379 Lê Lợi, Phường Sài Gòn', N'user_032', N'$2a$11$3GLCKkVTcotUPQeRZcyC2.BYCz2OvtOM/Tug8NDewdt8xWDEtr/F.')
INSERT [dbo].[NguoiDung] ([MaND], [HoTen], [GioiTinh], [Email], [Sdt], [DiaChi], [TenND], [MatKhau]) VALUES (33, N'Đặng Đức Khang', N'Nam', N'user_033@gmail.com', N'0993616007', N'Số 159 Kha Vạn Cân, Phường Linh Xuân', N'user_033', N'$2a$11$3GLCKkVTcotUPQeRZcyC2.BYCz2OvtOM/Tug8NDewdt8xWDEtr/F.')
INSERT [dbo].[NguoiDung] ([MaND], [HoTen], [GioiTinh], [Email], [Sdt], [DiaChi], [TenND], [MatKhau]) VALUES (34, N'Lê Hữu Anh', N'Nam', N'user_034@gmail.com', N'0380708326', N'Số 207 Nguyễn Bình, Phường Hiệp Phước', N'user_034', N'$2a$11$3GLCKkVTcotUPQeRZcyC2.BYCz2OvtOM/Tug8NDewdt8xWDEtr/F.')
INSERT [dbo].[NguoiDung] ([MaND], [HoTen], [GioiTinh], [Email], [Sdt], [DiaChi], [TenND], [MatKhau]) VALUES (35, N'Phan Xuân Huệ', N'Nam', N'user_035@gmail.com', N'0964811884', N'Số 27 Lê Văn Lương, Phường Tân Hưng', N'user_035', N'$2a$11$3GLCKkVTcotUPQeRZcyC2.BYCz2OvtOM/Tug8NDewdt8xWDEtr/F.')
INSERT [dbo].[NguoiDung] ([MaND], [HoTen], [GioiTinh], [Email], [Sdt], [DiaChi], [TenND], [MatKhau]) VALUES (36, N'Hoàng Thanh Phát', N'Nam', N'user_036@gmail.com', N'0342205134', N'Số 214 Nguyễn Bình, Phường Hiệp Phước', N'user_036', N'$2a$11$3GLCKkVTcotUPQeRZcyC2.BYCz2OvtOM/Tug8NDewdt8xWDEtr/F.')
INSERT [dbo].[NguoiDung] ([MaND], [HoTen], [GioiTinh], [Email], [Sdt], [DiaChi], [TenND], [MatKhau]) VALUES (37, N'Nguyễn Đức Nhi', N'Nữ', N'user_037@gmail.com', N'0884201268', N'Số 56 Sư Vạn Hạnh, Phường Hòa Hưng', N'user_037', N'$2a$11$3GLCKkVTcotUPQeRZcyC2.BYCz2OvtOM/Tug8NDewdt8xWDEtr/F.')
INSERT [dbo].[NguoiDung] ([MaND], [HoTen], [GioiTinh], [Email], [Sdt], [DiaChi], [TenND], [MatKhau]) VALUES (38, N'Hoàng Đình Tâm', N'Nam', N'user_038@gmail.com', N'0327036998', N'Số 455 Hồ Hảo Hớn, Phường Cầu Ông Lãnh', N'user_038', N'$2a$11$3GLCKkVTcotUPQeRZcyC2.BYCz2OvtOM/Tug8NDewdt8xWDEtr/F.')
INSERT [dbo].[NguoiDung] ([MaND], [HoTen], [GioiTinh], [Email], [Sdt], [DiaChi], [TenND], [MatKhau]) VALUES (39, N'Huỳnh Minh Tâm', N'Nữ', N'user_039@gmail.com', N'0883150086', N'Số 294 Sư Vạn Hạnh, Phường Hòa Hưng', N'user_039', N'$2a$11$3GLCKkVTcotUPQeRZcyC2.BYCz2OvtOM/Tug8NDewdt8xWDEtr/F.')
INSERT [dbo].[NguoiDung] ([MaND], [HoTen], [GioiTinh], [Email], [Sdt], [DiaChi], [TenND], [MatKhau]) VALUES (40, N'Phạm Ngọc Nhi', N'Nam', N'user_040@gmail.com', N'0952916394', N'Số 264 Nguyễn Văn Linh, Phường Tân Hưng', N'user_040', N'$2a$11$3GLCKkVTcotUPQeRZcyC2.BYCz2OvtOM/Tug8NDewdt8xWDEtr/F.')
SET IDENTITY_INSERT [dbo].[NguoiDung] OFF
GO

SET IDENTITY_INSERT [dbo].[Sach] ON 
INSERT [dbo].[Sach] ([MaSach], [TenSach], [GiaGoc], [HinhAnh], [MoTa], [SLTon], [TrangThaiS], [MaTL], [MaTG], [MaNXB]) VALUES (1, N'Hồ Điệp Và Kình Ngư', CAST(111600.00 AS Decimal(18, 2)), N'https://cdn1.fahasa.com/media/catalog/product/b/i/bia-2d_ho-diep-va-kinh-ngu_17307.jpg', N'"Hồ Điệp và Kình Ngư" của tác giả Tuế Kiến là một tiểu thuyết ngôn tình hiện đại, ngắn gọn và cảm động (19 chương), xoay quanh tình yêu và sự cứu rỗi giữa Hồ Điệp - vận động viên trượt băng mắc ung thư và Kinh Du - vận động viên bơi lội bị chấn thương. Tác phẩm mang thông điệp nhẹ nhàng về ước mơ, nỗ lực vượt qua khó khăn và trân trọng những khoảnh khắc đẹp nhất.', 312, 1, 1, 22, 5)
INSERT [dbo].[Sach] ([MaSach], [TenSach], [GiaGoc], [HinhAnh], [MoTa], [SLTon], [TrangThaiS], [MaTL], [MaTG], [MaNXB]) VALUES (2, N'Nhà Giả Kim (Tái Bản 2020)', CAST(67000.00 AS Decimal(18, 2)), N'https://cdn1.fahasa.com/media/catalog/product/i/m/image_195509_1_36793.jpg', N'Sách Nhà Giả Kim (Tái Bản 2020). Thuộc thể loại Books. Giá bán 67000 đồng.', 233, 1, 1, 18, 8)
INSERT [dbo].[Sach] ([MaSach], [TenSach], [GiaGoc], [HinhAnh], [MoTa], [SLTon], [TrangThaiS], [MaTL], [MaTG], [MaNXB]) VALUES (3, N'Bước Vào Bóng Tối Tập 2 Những Vụ Án Rung Chuyển Dư Luận', CAST(99000.00 AS Decimal(18, 2)), N'https://cdn1.fahasa.com/media/catalog/product/b/_/b_a-b_c-v_o-b_ng-t_i-2.jpg', N'Sách Bước Vào Bóng Tối Tập 2. Giá bán 0 đồng (Đã cập nhật giá mặc định).', 194, 1, 1, 2, 4)
INSERT [dbo].[Sach] ([MaSach], [TenSach], [GiaGoc], [HinhAnh], [MoTa], [SLTon], [TrangThaiS], [MaTL], [MaTG], [MaNXB]) VALUES (4, N'Bến Xe (Tái Bản 2020)', CAST(54720.00 AS Decimal(18, 2)), N'https://cdn1.fahasa.com/media/catalog/product/8/9/8935212349208.jpg', N'Sách Bến Xe (Tái Bản 2020). Thuộc thể loại Books. Giá bán 54720 đồng.', 103, 1, 1, 20, 8)
INSERT [dbo].[Sach] ([MaSach], [TenSach], [GiaGoc], [HinhAnh], [MoTa], [SLTon], [TrangThaiS], [MaTL], [MaTG], [MaNXB]) VALUES (5, N'Nếu Biết Trăm Năm Là Hữu Hạn (Tái Bản 2024)', CAST(143000.00 AS Decimal(18, 2)), N'https://cdn1.fahasa.com/media/catalog/product/8/9/8932000134749_1.jpg', N'Sách Nếu Biết Trăm Năm Là Hữu Hạn. Thuộc thể loại Books. Giá bán 143000 đồng.', 253, 1, 1, 19, 3)
INSERT [dbo].[Sach] ([MaSach], [TenSach], [GiaGoc], [HinhAnh], [MoTa], [SLTon], [TrangThaiS], [MaTL], [MaTG], [MaNXB]) VALUES (6, N'[Light Novel] Dược Sư Tự Sự - Tập 7', CAST(112500.00 AS Decimal(18, 2)), N'https://cdn1.fahasa.com/media/catalog/product/d/u/duoc_su_tu_su_light_novel_tap_7_bia.jpg?_gl=1*1bjlg1i*_ga*NTI3OTM3MzEuMTc2NDQ0NDIxNg..*_ga_D3YYPWQ9LN*czE3NzkwNjE5NTUkbzE5JGcxJHQxNzc5MDYzODA4JGo2MCRsMCRoMA..*_gcl_aw*R0NMLjE3NzkwNjMxODQuQ2owS0NRand6cVhRQmhEMkFSSXNBS3JJZVUtV2J0Mm93LTdObGp5aVFnem03X3Z3VmdqVzBZRmY4Nk1TN2QxTEVWUWZSVzNoakxOdWFnc2FBcWpjRUFMd193Y0I.*_gcl_au*MTE0NjUxOTg2Ny4xNzc3MjA1MTYz*_ga_460L9JMC2G*czE3NzkwNjE5NTUkbzIwJGcxJHQxNzc5MDYzODA4JGo2MCRsMCRoMTg3MTgzMjE1MQ..', N'Sách [Light Novel] Dược Sư Tự Sự - Tập 7. Giá bán 112500 đồng.', 412, 1, 1, 15, 2)
INSERT [dbo].[Sach] ([MaSach], [TenSach], [GiaGoc], [HinhAnh], [MoTa], [SLTon], [TrangThaiS], [MaTL], [MaTG], [MaNXB]) VALUES (7, N'Nhật Ký Đặng Thùy Trâm (Tái Bản 2022)', CAST(76500.00 AS Decimal(18, 2)), N'https://cdn1.fahasa.com/media/catalog/product/8/9/8935235234338.jpg', N'Sách Nhật Ký Đặng Thùy Trâm (Tái Bản 2022). Giá bán 76500 đồng.', 58, 1, 1, 3, 3)
INSERT [dbo].[Sach] ([MaSach], [TenSach], [GiaGoc], [HinhAnh], [MoTa], [SLTon], [TrangThaiS], [MaTL], [MaTG], [MaNXB]) VALUES (8, N'Người Đàn Ông Mang Tên OVE (Tái Bản)', CAST(136000.00 AS Decimal(18, 2)), N'https://cdn1.fahasa.com/media/catalog/product/8/9/8934974182375.jpg', N'Sách Người Đàn Ông Mang Tên OVE (Tái Bản). Giá bán 136000 đồng.', 451, 1, 1, 5, 7)
INSERT [dbo].[Sach] ([MaSach], [TenSach], [GiaGoc], [HinhAnh], [MoTa], [SLTon], [TrangThaiS], [MaTL], [MaTG], [MaNXB]) VALUES (9, N'Cây Cam Ngọt Của Tôi', CAST(91500.00 AS Decimal(18, 2)), N'https://cdn1.fahasa.com/media/catalog/product/i/m/image_217480.jpg', N'Sách Cây Cam Ngọt Của Tôi. Thuộc thể loại Books. Giá bán 91500 đồng.', 387, 1, 1, 11, 3)
INSERT [dbo].[Sach] ([MaSach], [TenSach], [GiaGoc], [HinhAnh], [MoTa], [SLTon], [TrangThaiS], [MaTL], [MaTG], [MaNXB]) VALUES (10, N'Người Bà Tài Giỏi Vùng Saga', CAST(102000.00 AS Decimal(18, 2)), N'https://cdn1.fahasa.com/media/catalog/product/i/m/image_231202.jpg', N'Sách Người Bà Tài Giỏi Vùng Saga. Thuộc thể loại Books. Giá bán 102000 đồng.', 60, 1, 1, 23, 4)
INSERT [dbo].[Sach] ([MaSach], [TenSach], [GiaGoc], [HinhAnh], [MoTa], [SLTon], [TrangThaiS], [MaTL], [MaTG], [MaNXB]) VALUES (11, N'Hà Thanh Hải Yến - Ngang Qua Ngõ Nhỏ Bình An', CAST(156500.00 AS Decimal(18, 2)), N'https://cdn1.fahasa.com/media/catalog/product/b/_/b_a-_o-h_-thanh-h_i-y_n_b_a-tr_c.jpg', N'Sách Ngang Qua Ngõ Nhỏ Bình An. Giá bán 156500 đồng.', 162, 1, 1, 7, 5)
INSERT [dbo].[Sach] ([MaSach], [TenSach], [GiaGoc], [HinhAnh], [MoTa], [SLTon], [TrangThaiS], [MaTL], [MaTG], [MaNXB]) VALUES (12, N'Hoàng Đế Xứ Gladness', CAST(209000.00 AS Decimal(18, 2)), N'https://cdn1.fahasa.com/media/catalog/product/h/o/hoang-de-xu-gladness-b_a-m_m-01.jpg', N'Sách Hoàng Đế Xứ Gladness. Giá bán 209000 đồng.', 89, 1, 1, 13, 4)
INSERT [dbo].[Sach] ([MaSach], [TenSach], [GiaGoc], [HinhAnh], [MoTa], [SLTon], [TrangThaiS], [MaTL], [MaTG], [MaNXB]) VALUES (13, N'Hai Vạn Dặm Dưới Biển (Tái Bản 2024)', CAST(69300.00 AS Decimal(18, 2)), N'https://cdn1.fahasa.com/media/catalog/product/b/i/bia_hai-van-dam-duoi-bien_tb-8-2.jpg', N'Sách Hai Vạn Dặm Dưới Biển. Giá bán 69300 đồng.', 238, 1, 1, 12, 8)
INSERT [dbo].[Sach] ([MaSach], [TenSach], [GiaGoc], [HinhAnh], [MoTa], [SLTon], [TrangThaiS], [MaTL], [MaTG], [MaNXB]) VALUES (14, N'Lén Nhặt Chuyện Đời', CAST(44200.00 AS Decimal(18, 2)), N'https://cdn1.fahasa.com/media/flashmagazine/images/page_images/len_nhat_chuyen_doi/2023_02_01_09_29_58_1-390x510.jpg', N'Sách Lén Nhặt Chuyện Đời. Giá bán 44200 đồng.', 195, 1, 1, 6, 1)
INSERT [dbo].[Sach] ([MaSach], [TenSach], [GiaGoc], [HinhAnh], [MoTa], [SLTon], [TrangThaiS], [MaTL], [MaTG], [MaNXB]) VALUES (15, N'Nỗi Buồn Chiến Tranh (Tái Bản 2022)', CAST(110500.00 AS Decimal(18, 2)), N'https://cdn1.fahasa.com/media/catalog/product/8/9/8934974180098_1.jpg', N'Sách Nỗi Buồn Chiến Tranh. Giá bán 110500 đồng.', 282, 1, 1, 1, 7)
INSERT [dbo].[Sach] ([MaSach], [TenSach], [GiaGoc], [HinhAnh], [MoTa], [SLTon], [TrangThaiS], [MaTL], [MaTG], [MaNXB]) VALUES (16, N'Bông Sen Vàng - Ấn Bản Mới', CAST(127000.00 AS Decimal(18, 2)), N'https://cdn1.fahasa.com/media/catalog/product/z/6/z6561017314500_aafd0b9fa2adef2c6de6449617ee4c80.jpg', N'Sách Bông Sen Vàng. Giá bán 127000 đồng.', 197, 1, 1, 16, 6)
INSERT [dbo].[Sach] ([MaSach], [TenSach], [GiaGoc], [HinhAnh], [MoTa], [SLTon], [TrangThaiS], [MaTL], [MaTG], [MaNXB]) VALUES (17, N'Sách Tô Màu - Lạc Vào Thế Giới Chibi', CAST(74500.00 AS Decimal(18, 2)), N'https://cdn1.fahasa.com/media/catalog/product/l/a/lacvaothegioichibi.jpg', N'Sách Tô Màu Chibi. Giá bán 74500 đồng.', 273, 1, 1, 14, 1)
INSERT [dbo].[Sach] ([MaSach], [TenSach], [GiaGoc], [HinhAnh], [MoTa], [SLTon], [TrangThaiS], [MaTL], [MaTG], [MaNXB]) VALUES (18, N'Không Gia Đình - Bìa Cứng (Tái Bản 2024)', CAST(172000.00 AS Decimal(18, 2)), N'https://cdn1.fahasa.com/media/catalog/product/z/5/z5767334826845_2e61b754a821ac7fd.jpg', N'Sách Không Gia Đình. Giá bán 172000 đồng.', 131, 1, 1, 8, 8)
INSERT [dbo].[Sach] ([MaSach], [TenSach], [GiaGoc], [HinhAnh], [MoTa], [SLTon], [TrangThaiS], [MaTL], [MaTG], [MaNXB]) VALUES (19, N'Trốn Lên Mái Nhà Để Khóc', CAST(80500.00 AS Decimal(18, 2)), N'https://cdn1.fahasa.com/media/catalog/product/b/_/b_a-1-tr_n-l_n-m_i-nh_-_-kh_c-2.jpg', N'Sách Trốn Lên Mái Nhà Để Khóc. Giá bán 80500 đồng.', 217, 1, 1, 6, 4)
INSERT [dbo].[Sach] ([MaSach], [TenSach], [GiaGoc], [HinhAnh], [MoTa], [SLTon], [TrangThaiS], [MaTL], [MaTG], [MaNXB]) VALUES (20, N'Nhật Ký Trong Tù (Tái Bản)', CAST(38000.00 AS Decimal(18, 2)), N'https://cdn1.fahasa.com/media/catalog/product/i/m/image_244718_1_5088.jpg', N'Sách Nhật Ký Trong Tù. Giá bán 38000 đồng.', 369, 1, 1, 9, 8)
INSERT [dbo].[Sach] ([MaSach], [TenSach], [GiaGoc], [HinhAnh], [MoTa], [SLTon], [TrangThaiS], [MaTL], [MaTG], [MaNXB]) VALUES (21, N'Thép Đã Tôi Thế Đấy (Tái Bản 2023)', CAST(97300.00 AS Decimal(18, 2)), N'https://cdn1.fahasa.com/media/catalog/product/8/9/8935212362139.jpg', N'Sách Thép Đã Tôi Thế Đấy. Giá bán 97300 đồng.', 37, 1, 1, 17, 8)
INSERT [dbo].[Sach] ([MaSach], [TenSach], [GiaGoc], [HinhAnh], [MoTa], [SLTon], [TrangThaiS], [MaTL], [MaTG], [MaNXB]) VALUES (22, N'Lũ Trẻ Đường Tàu', CAST(76300.00 AS Decimal(18, 2)), N'https://cdn1.fahasa.com/media/catalog/product/8/9/8935212365994.jpg', N'Sách Lũ Trẻ Đường Tàu. Giá bán 76300 đồng.', 42, 1, 1, 4, 8)
INSERT [dbo].[Sach] ([MaSach], [TenSach], [GiaGoc], [HinhAnh], [MoTa], [SLTon], [TrangThaiS], [MaTL], [MaTG], [MaNXB]) VALUES (23, N'Hai Số Phận - Bìa Cứng (Tái Bản 2023)', CAST(188000.00 AS Decimal(18, 2)), N'https://cdn1.fahasa.com/media/catalog/product/h/s/hsp-bia-cung---xuat-in-goc-b1_1.jpg', N'Sách Hai Số Phận. Giá bán 188000 đồng.', 405, 1, 1, 10, 8)
INSERT [dbo].[Sach] ([MaSach], [TenSach], [GiaGoc], [HinhAnh], [MoTa], [SLTon], [TrangThaiS], [MaTL], [MaTG], [MaNXB]) VALUES (24, N'Góc Nhỏ Có Nắng', CAST(57500.00 AS Decimal(18, 2)), N'https://cdn1.fahasa.com/media/catalog/product/b/_/b_a-in-g_c-nh_-c_-n_ng.jpg', N'Sách Góc Nhỏ Có Nắng. Giá bán 57500 đồng.', 188, 1, 1, 21, 1)
INSERT [dbo].[Sach] ([MaSach], [TenSach], [GiaGoc], [HinhAnh], [MoTa], [SLTon], [TrangThaiS], [MaTL], [MaTG], [MaNXB]) VALUES (25, N'Một Thoáng Ta Rực Rỡ Ở Nhân Gian', CAST(114500.00 AS Decimal(18, 2)), N'https://cdn1.fahasa.com/media/catalog/product/i/m/image_244718_1_5473.jpg', N'Sách Một Thoáng Ta Rực Rỡ Ở Nhân Gian. Giá bán 114500 đồng.', 500, 1, 1, 46, 3)
INSERT [dbo].[Sach] ([MaSach], [TenSach], [GiaGoc], [HinhAnh], [MoTa], [SLTon], [TrangThaiS], [MaTL], [MaTG], [MaNXB]) VALUES (26, N'Yêu Những Điều Không Hoàn Hảo - Bìa Cứng', CAST(167000.00 AS Decimal(18, 2)), N'https://cdn1.fahasa.com/media/catalog/product/8/9/8935235243927.jpg', N'Sách Yêu Những Điều Không Hoàn Hảo. Giá bán 167000 đồng.', 498, 1, 2, 26, 9)
INSERT [dbo].[Sach] ([MaSach], [TenSach], [GiaGoc], [HinhAnh], [MoTa], [SLTon], [TrangThaiS], [MaTL], [MaTG], [MaNXB]) VALUES (27, N'Stop Overthinking - Sống Tự Do, Không Âu Lo', CAST(61750.00 AS Decimal(18, 2)), N'https://cdn1.fahasa.com/media/catalog/product/8/9/8936225390027.jpg', N'Sách Stop Overthinking. Giá bán 61750 đồng.', 456, 1, 2, 40, 5)
INSERT [dbo].[Sach] ([MaSach], [TenSach], [GiaGoc], [HinhAnh], [MoTa], [SLTon], [TrangThaiS], [MaTL], [MaTG], [MaNXB]) VALUES (28, N'Con Đường Chẳng Mấy Ai Đi', CAST(115500.00 AS Decimal(18, 2)), N'https://cdn1.fahasa.com/media/catalog/product/9/7/9786044009674.jpg', N'Sách Con Đường Chẳng Mấy Ai Đi. Giá bán 115500 đồng.', 407, 1, 2, 34, 9)
INSERT [dbo].[Sach] ([MaSach], [TenSach], [GiaGoc], [HinhAnh], [MoTa], [SLTon], [TrangThaiS], [MaTL], [MaTG], [MaNXB]) VALUES (29, N'30 Tuổi - Mọi Thứ Chỉ Mới Bắt Đầu', CAST(91800.00 AS Decimal(18, 2)), N'https://cdn1.fahasa.com/media/catalog/product/8/9/8935278605546.jpg', N'Sách 30 Tuổi - Mọi Thứ Chỉ Mới Bắt Đầu. Giá bán 91800 đồng.', 351, 1, 2, 44, 9)
INSERT [dbo].[Sach] ([MaSach], [TenSach], [GiaGoc], [HinhAnh], [MoTa], [SLTon], [TrangThaiS], [MaTL], [MaTG], [MaNXB]) VALUES (30, N'Tư Duy Ngược', CAST(69500.00 AS Decimal(18, 2)), N'https://cdn1.fahasa.com/media/catalog/product/t/_/t_-duy-ng_c-b_a-1.jpg', N'Sách Tư Duy Ngược. Giá bán 69500 đồng.', 406, 1, 2, 39, 10)
INSERT [dbo].[Sach] ([MaSach], [TenSach], [GiaGoc], [HinhAnh], [MoTa], [SLTon], [TrangThaiS], [MaTL], [MaTG], [MaNXB]) VALUES (31, N'Tư Duy Mở', CAST(69000.00 AS Decimal(18, 2)), N'https://cdn1.fahasa.com/media/catalog/product/9/7/9786044742250.jpg', N'Sách Tư Duy Mở. Giá bán 69000 đồng.', 270, 1, 2, 39, 10)
INSERT [dbo].[Sach] ([MaSach], [TenSach], [GiaGoc], [HinhAnh], [MoTa], [SLTon], [TrangThaiS], [MaTL], [MaTG], [MaNXB]) VALUES (32, N'38 Bức Thư Rockefeller Viết Cho Con Trai', CAST(69000.00 AS Decimal(18, 2)), N'https://cdn1.fahasa.com/media/catalog/product/3/8/38-buc-thu-rockefeller-viet-cho.jpg', N'Sách 38 Bức Thư Rockefeller. Giá bán 69000 đồng.', 466, 1, 2, 31, 5)
INSERT [dbo].[Sach] ([MaSach], [TenSach], [GiaGoc], [HinhAnh], [MoTa], [SLTon], [TrangThaiS], [MaTL], [MaTG], [MaNXB]) VALUES (33, N'Combo Sách Tư Duy Ngược + Tư Duy Mở', CAST(138500.00 AS Decimal(18, 2)), N'https://cdn1.fahasa.com/media/catalog/product/c/o/combo-9786043440287-9786044742250.jpg', N'Sách Combo Tư Duy. Giá bán 138500 đồng.', 287, 1, 2, 39, 10)
INSERT [dbo].[Sach] ([MaSach], [TenSach], [GiaGoc], [HinhAnh], [MoTa], [SLTon], [TrangThaiS], [MaTL], [MaTG], [MaNXB]) VALUES (34, N'Atomic Habits - Thay Đổi Tí Hon Hiệu Quả Bất Ngờ', CAST(160500.00 AS Decimal(18, 2)), N'https://cdn1.fahasa.com/media/catalog/product/_/2/_2024_-thay_doi_ti_hon_hieu_qua_bat_ngo-tb8-02.jpg', N'Sách Atomic Habits. Giá bán 160500 đồng.', 121, 1, 2, 29, 9)
INSERT [dbo].[Sach] ([MaSach], [TenSach], [GiaGoc], [HinhAnh], [MoTa], [SLTon], [TrangThaiS], [MaTL], [MaTG], [MaNXB]) VALUES (35, N'Giao Tiếp Bất Bạo Động - Ngôn Ngữ Của Lòng Trắc Ẩn', CAST(124000.00 AS Decimal(18, 2)), N'https://cdn1.fahasa.com/media/catalog/product/8/9/8935280400924.jpg', N'Sách Giao Tiếp Bất Bạo Động. Giá bán 124000 đồng.', 414, 1, 2, 36, 1)
INSERT [dbo].[Sach] ([MaSach], [TenSach], [GiaGoc], [HinhAnh], [MoTa], [SLTon], [TrangThaiS], [MaTL], [MaTG], [MaNXB]) VALUES (36, N'Trong Đầu Có Giấu Con Voi - The Elephant In The Brain', CAST(150500.00 AS Decimal(18, 2)), N'https://cdn1.fahasa.com/media/catalog/product/4/3/433294962_1031827845030383_3138211657472207753_n.jpg', N'Sách Trong Đầu Có Giấu Con Voi. Giá bán 150500 đồng.', 14, 1, 2, 33, 7)
INSERT [dbo].[Sach] ([MaSach], [TenSach], [GiaGoc], [HinhAnh], [MoTa], [SLTon], [TrangThaiS], [MaTL], [MaTG], [MaNXB]) VALUES (37, N'Khi Mọi Điều Không Như Ý', CAST(92500.00 AS Decimal(18, 2)), N'https://cdn1.fahasa.com/media/catalog/product/8/9/8935235243163.jpg', N'Sách Khi Mọi Điều Không Như Ý. Giá bán 92500 đồng.', 363, 1, 2, 41, 10)
INSERT [dbo].[Sach] ([MaSach], [TenSach], [GiaGoc], [HinhAnh], [MoTa], [SLTon], [TrangThaiS], [MaTL], [MaTG], [MaNXB]) VALUES (38, N'Khéo Ăn Nói Sẽ Có Được Thiên Hạ (Tái Bản 2022)', CAST(91000.00 AS Decimal(18, 2)), N'https://cdn1.fahasa.com/media/catalog/product/8/9/8936067605693.jpg', N'Sách Khéo Ăn Nói Sẽ Có Được Thiên Hạ. Giá bán 91000 đồng.', 84, 1, 2, 43, 8)
INSERT [dbo].[Sach] ([MaSach], [TenSach], [GiaGoc], [HinhAnh], [MoTa], [SLTon], [TrangThaiS], [MaTL], [MaTG], [MaNXB]) VALUES (39, N'Sức Mạnh Tiềm Thức (Tái Bản 2021)', CAST(102000.00 AS Decimal(18, 2)), N'https://cdn1.fahasa.com/media/catalog/product/i/m/image_237646.jpg', N'Sách Sức Mạnh Tiềm Thức. Giá bán 102000 đồng.', 32, 1, 2, 32, 10)
INSERT [dbo].[Sach] ([MaSach], [TenSach], [GiaGoc], [HinhAnh], [MoTa], [SLTon], [TrangThaiS], [MaTL], [MaTG], [MaNXB]) VALUES (40, N'Đi Tìm Lẽ Sống (Tái Bản 2022)', CAST(70000.00 AS Decimal(18, 2)), N'https://cdn1.fahasa.com/media/catalog/product/t/h/thumb-01113.jpg', N'Sách Đi Tìm Lẽ Sống. Giá bán 70000 đồng.', 33, 1, 2, 45, 10)
INSERT [dbo].[Sach] ([MaSach], [TenSach], [GiaGoc], [HinhAnh], [MoTa], [SLTon], [TrangThaiS], [MaTL], [MaTG], [MaNXB]) VALUES (41, N'Đúng Việc - Một Góc Nhìn Về Câu Chuyện Khai Minh', CAST(100000.00 AS Decimal(18, 2)), N'https://cdn1.fahasa.com/media/catalog/product/8/9/8935280500761_1_1.jpg', N'Sách Đúng Việc. Giá bán 100000 đồng.', 286, 1, 2, 28, 7)
INSERT [dbo].[Sach] ([MaSach], [TenSach], [GiaGoc], [HinhAnh], [MoTa], [SLTon], [TrangThaiS], [MaTL], [MaTG], [MaNXB]) VALUES (42, N'Flow - Dòng Chảy', CAST(182000.00 AS Decimal(18, 2)), N'https://cdn1.fahasa.com/media/catalog/product/i/m/image_244718_1_4401.jpg', N'Sách Flow - Dòng Chảy. Giá bán 182000 đồng.', 354, 1, 2, 37, 9)
INSERT [dbo].[Sach] ([MaSach], [TenSach], [GiaGoc], [HinhAnh], [MoTa], [SLTon], [TrangThaiS], [MaTL], [MaTG], [MaNXB]) VALUES (43, N'Hồi Ức, Giấc Mơ, Suy Ngẫm', CAST(241500.00 AS Decimal(18, 2)), N'https://cdn1.fahasa.com/media/catalog/product/b/_/b_a-h_i-_c_-gi_c-m_-suy-ng_m.jpg', N'Sách Hồi Ức, Giấc Mơ, Suy Ngẫm. Giá bán 241500 đồng.', 91, 1, 2, 25, 9)
INSERT [dbo].[Sach] ([MaSach], [TenSach], [GiaGoc], [HinhAnh], [MoTa], [SLTon], [TrangThaiS], [MaTL], [MaTG], [MaNXB]) VALUES (44, N'Đắc Nhân Tâm (Tái Bản 2021)', CAST(68500.00 AS Decimal(18, 2)), N'https://cdn1.fahasa.com/media/catalog/product/d/n/dntttttuntitled.jpg', N'Sách Đắc Nhân Tâm. Giá bán 68500 đồng.', 407, 1, 2, 27, 10)
INSERT [dbo].[Sach] ([MaSach], [TenSach], [GiaGoc], [HinhAnh], [MoTa], [SLTon], [TrangThaiS], [MaTL], [MaTG], [MaNXB]) VALUES (45, N'Anh Là Ai Tôi Là Ai (Tái Bản 2024)', CAST(70850.00 AS Decimal(18, 2)), N'https://cdn1.fahasa.com/media/catalog/product/b/_/b_a-tr_c-anh-l_-ai-t_i-l_-ai-tb-2024-1.jpg', N'Sách Anh Là Ai Tôi Là Ai. Giá bán 70850 đồng.', 212, 1, 2, 42, 4)
INSERT [dbo].[Sach] ([MaSach], [TenSach], [GiaGoc], [HinhAnh], [MoTa], [SLTon], [TrangThaiS], [MaTL], [MaTG], [MaNXB]) VALUES (46, N'Hiểu Về Trái Tim (Tái Bản 2023)', CAST(126000.00 AS Decimal(18, 2)), N'https://cdn1.fahasa.com/media/catalog/product/z/4/z4118763446785_cf4bc22d353b065bbb37e686de1f9207.jpg', N'Sách Hiểu Về Trái Tim. Giá bán 126000 đồng.', 299, 1, 2, 38, 10)
INSERT [dbo].[Sach] ([MaSach], [TenSach], [GiaGoc], [HinhAnh], [MoTa], [SLTon], [TrangThaiS], [MaTL], [MaTG], [MaNXB]) VALUES (47, N'Tĩnh Lặng Là Dáng Vẻ Đẹp Nhất Của Bạn', CAST(74000.00 AS Decimal(18, 2)), N'https://cdn1.fahasa.com/media/catalog/product/b/i/bia-1_1_17.jpg', N'Sách Tĩnh Lặng Là Dáng Vẻ Đẹp Nhất Của Bạn. Giá bán 74000 đồng.', 452, 1, 2, 44, 4)
INSERT [dbo].[Sach] ([MaSach], [TenSach], [GiaGoc], [HinhAnh], [MoTa], [SLTon], [TrangThaiS], [MaTL], [MaTG], [MaNXB]) VALUES (48, N'Thay Đổi Câu Hỏi Thay Đổi Cuộc Đời (Tái Bản)', CAST(55250.00 AS Decimal(18, 2)), N'https://cdn1.fahasa.com/media/catalog/product/i/m/image_244718_1_1498.jpg', N'Sách Thay Đổi Câu Hỏi. Giá bán 55250 đồng.', 10, 1, 2, 35, 10)
INSERT [dbo].[Sach] ([MaSach], [TenSach], [GiaGoc], [HinhAnh], [MoTa], [SLTon], [TrangThaiS], [MaTL], [MaTG], [MaNXB]) VALUES (49, N'Học Cách Học (Tái Bản)', CAST(111300.00 AS Decimal(18, 2)), N'https://cdn1.fahasa.com/media/catalog/product/8/9/8935251418699.jpg', N'Sách Học Cách Học (Tái Bản). Giá bán 111300 đồng.', 228, 1, 2, 24, 9)
INSERT [dbo].[Sach] ([MaSach], [TenSach], [GiaGoc], [HinhAnh], [MoTa], [SLTon], [TrangThaiS], [MaTL], [MaTG], [MaNXB]) VALUES (50, N'Gửi Bạn Người Có Trái Tim Vô Cùng Nhạy Cảm', CAST(86000.00 AS Decimal(18, 2)), N'https://cdn1.fahasa.com/media/catalog/product/8/9/8938536458045.jpg', N'Sách Gửi Bạn Người Có Trái Tim Vô Cùng Nhạy Cảm. Giá bán 86000 đồng.', 97, 1, 2, 30, 2)
INSERT [dbo].[Sach] ([MaSach], [TenSach], [GiaGoc], [HinhAnh], [MoTa], [SLTon], [TrangThaiS], [MaTL], [MaTG], [MaNXB]) VALUES (51, N'Ứng Dụng AI Vào Doanh Nghiệp', CAST(216000.00 AS Decimal(18, 2)), N'https://cdn1.fahasa.com/media/catalog/product/_/n/_ng-d_ng-ai-v_o-doanh-nghi_p_9.jpg', N'Sách Ứng Dụng AI Vào Doanh Nghiệp. Giá bán 216000 đồng.', 63, 1, 3, 54, 1)
INSERT [dbo].[Sach] ([MaSach], [TenSach], [GiaGoc], [HinhAnh], [MoTa], [SLTon], [TrangThaiS], [MaTL], [MaTG], [MaNXB]) VALUES (52, N'Biến Mọi Thứ Thành Tiền - Make Money', CAST(84000.00 AS Decimal(18, 2)), N'https://cdn1.fahasa.com/media/catalog/product/9/7/9786043654370.jpg', N'Sách Biến Mọi Thứ Thành Tiền. Giá bán 84000 đồng.', 429, 1, 3, 39, 9)
INSERT [dbo].[Sach] ([MaSach], [TenSach], [GiaGoc], [HinhAnh], [MoTa], [SLTon], [TrangThaiS], [MaTL], [MaTG], [MaNXB]) VALUES (53, N'Bí Mật Tư Duy Triệu Phú (Tái Bản 2021)', CAST(86000.00 AS Decimal(18, 2)), N'https://cdn1.fahasa.com/media/catalog/product/i/m/image_188995_1_1.jpg', N'Sách Bí Mật Tư Duy Triệu Phú. Giá bán 86000 đồng.', 356, 1, 3, 66, 7)
INSERT [dbo].[Sach] ([MaSach], [TenSach], [GiaGoc], [HinhAnh], [MoTa], [SLTon], [TrangThaiS], [MaTL], [MaTG], [MaNXB]) VALUES (54, N'Biến Mọi Thứ Thành Tiền - Quyển 2', CAST(84000.00 AS Decimal(18, 2)), N'https://cdn1.fahasa.com/media/catalog/product/9/7/9786043450293.jpg', N'Sách Biến Mọi Thứ Thành Tiền - Quyển 2. Giá bán 84000 đồng.', 137, 1, 3, 39, 9)
INSERT [dbo].[Sach] ([MaSach], [TenSach], [GiaGoc], [HinhAnh], [MoTa], [SLTon], [TrangThaiS], [MaTL], [MaTG], [MaNXB]) VALUES (55, N'13 Bài Giảng Của Giáo Tiến Về Quản Trị Và Lãnh Đạo', CAST(200200.00 AS Decimal(18, 2)), N'https://cdn1.fahasa.com/media/catalog/product/8/9/8935251422481.jpg', N'Sách 13 Bài Giảng Của Giáo Tiến. Giá bán 200200 đồng.', 458, 1, 3, 54, 1)
INSERT [dbo].[Sach] ([MaSach], [TenSach], [GiaGoc], [HinhAnh], [MoTa], [SLTon], [TrangThaiS], [MaTL], [MaTG], [MaNXB]) VALUES (56, N'Kế Toán Vỉa Hè - Thực Hành Báo Cáo Tài Chính Căn Bản', CAST(169000.00 AS Decimal(18, 2)), N'https://cdn1.fahasa.com/media/catalog/product/9/7/9786047787616.jpg', N'Sách Kế Toán Vỉa Hè. Giá bán 169000 đồng.', 95, 1, 3, 50, 5)
INSERT [dbo].[Sach] ([MaSach], [TenSach], [GiaGoc], [HinhAnh], [MoTa], [SLTon], [TrangThaiS], [MaTL], [MaTG], [MaNXB]) VALUES (57, N'Báo Cáo Tài Chính Dưới Góc Nhìn Của Warren Buffett', CAST(98000.00 AS Decimal(18, 2)), N'https://cdn1.fahasa.com/media/catalog/product/9/7/9786043984057.jpg', N'Sách Báo Cáo Tài Chính Dưới Góc Nhìn Của Warren Buffett. Giá bán 98000 đồng.', 280, 1, 3, 60, 10)
INSERT [dbo].[Sach] ([MaSach], [TenSach], [GiaGoc], [HinhAnh], [MoTa], [SLTon], [TrangThaiS], [MaTL], [MaTG], [MaNXB]) VALUES (58, N'Không Bao Giờ Là Thất Bại! Tất Cả Là Thử Thách', CAST(166000.00 AS Decimal(18, 2)), N'https://cdn1.fahasa.com/media/catalog/product/k/h/khongbaogiothatbai_bia01_1.jpg', N'Sách Không Bao Giờ Là Thất Bại!. Giá bán 166000 đồng.', 311, 1, 3, 48, 7)
INSERT [dbo].[Sach] ([MaSach], [TenSach], [GiaGoc], [HinhAnh], [MoTa], [SLTon], [TrangThaiS], [MaTL], [MaTG], [MaNXB]) VALUES (59, N'Lên Đỉnh Núi Mở Tiệm Bánh Mì', CAST(102000.00 AS Decimal(18, 2)), N'https://cdn1.fahasa.com/media/catalog/product/l/e/lennui-front_1.jpg', N'Sách Lên Đỉnh Núi Mở Tiệm Bánh Mì. Giá bán 102000 đồng.', 428, 1, 3, 53, 4)
INSERT [dbo].[Sach] ([MaSach], [TenSach], [GiaGoc], [HinhAnh], [MoTa], [SLTon], [TrangThaiS], [MaTL], [MaTG], [MaNXB]) VALUES (60, N'Người Giàu Có Nhất Thành Babylon', CAST(78000.00 AS Decimal(18, 2)), N'https://cdn1.fahasa.com/media/catalog/product/i/m/image_195509_1_41914.jpg', N'Sách Người Giàu Có Nhất Thành Babylon. Giá bán 78000 đồng.', 277, 1, 3, 51, 10)
INSERT [dbo].[Sach] ([MaSach], [TenSach], [GiaGoc], [HinhAnh], [MoTa], [SLTon], [TrangThaiS], [MaTL], [MaTG], [MaNXB]) VALUES (61, N'Lời Thú Tội Của Một Sát Thủ Kinh Tế - Bìa Cứng', CAST(159250.00 AS Decimal(18, 2)), N'https://cdn1.fahasa.com/media/catalog/product/8/9/8935210307910.jpg', N'Sách Lời Thú Tội Của Một Sát Thủ Kinh Tế. Giá bán 159250 đồng.', 321, 1, 3, 58, 7)
INSERT [dbo].[Sach] ([MaSach], [TenSach], [GiaGoc], [HinhAnh], [MoTa], [SLTon], [TrangThaiS], [MaTL], [MaTG], [MaNXB]) VALUES (62, N'Tài Chính Cá Nhân Dành Cho Người Việt Nam', CAST(150000.00 AS Decimal(18, 2)), N'https://cdn1.fahasa.com/media/catalog/product/9/7/9786043905113.jpg', N'Sách Tài Chính Cá Nhân. Giá bán 150000 đồng.', 439, 1, 3, 59, 7)
INSERT [dbo].[Sach] ([MaSach], [TenSach], [GiaGoc], [HinhAnh], [MoTa], [SLTon], [TrangThaiS], [MaTL], [MaTG], [MaNXB]) VALUES (63, N'Youtube Thực Chiến Phải Kiếm Ra Tiền', CAST(454000.00 AS Decimal(18, 2)), N'https://cdn1.fahasa.com/media/catalog/product/9/7/9786044802558.jpg', N'Sách Youtube Thực Chiến Phải Kiếm Ra Tiền. Giá bán 454000 đồng.', 466, 1, 3, 62, 11)
INSERT [dbo].[Sach] ([MaSach], [TenSach], [GiaGoc], [HinhAnh], [MoTa], [SLTon], [TrangThaiS], [MaTL], [MaTG], [MaNXB]) VALUES (64, N'MBA Bằng Hình - The Visual MBA', CAST(151000.00 AS Decimal(18, 2)), N'https://cdn1.fahasa.com/media/catalog/product/8/9/8935235238978.jpg', N'Sách MBA Bằng Hình. Giá bán 151000 đồng.', 360, 1, 3, 56, 9)
INSERT [dbo].[Sach] ([MaSach], [TenSach], [GiaGoc], [HinhAnh], [MoTa], [SLTon], [TrangThaiS], [MaTL], [MaTG], [MaNXB]) VALUES (65, N'Combo Sách Biến Mọi Thứ Thành Tiền - Quyển 1 + Quyển 2', CAST(168000.00 AS Decimal(18, 2)), N'https://cdn1.fahasa.com/media/catalog/product/c/o/combo-9786043654370-9786043450293.jpg', N'Sách Combo Mọi Thứ Thành Tiền. Giá bán 168000 đồng.', 252, 1, 3, 39, 9)
INSERT [dbo].[Sach] ([MaSach], [TenSach], [GiaGoc], [HinhAnh], [MoTa], [SLTon], [TrangThaiS], [MaTL], [MaTG], [MaNXB]) VALUES (66, N'48 Nguyên Tắc Chủ Chốt Của Quyền Lực (Tái Bản)', CAST(170000.00 AS Decimal(18, 2)), N'https://cdn1.fahasa.com/media/catalog/product/i/m/image_195509_1_32101.jpg', N'Sách 48 Nguyên Tắc Chủ Chốt Của Quyền Lực. Giá bán 170000 đồng.', 89, 1, 3, 65, 7)
INSERT [dbo].[Sach] ([MaSach], [TenSach], [GiaGoc], [HinhAnh], [MoTa], [SLTon], [TrangThaiS], [MaTL], [MaTG], [MaNXB]) VALUES (67, N'Kiểm Soát Chi Phí Mua Hàng Và Quản Lí Nhà Cung Cấp', CAST(154000.00 AS Decimal(18, 2)), N'https://cdn1.fahasa.com/media/catalog/product/8/9/8936067607277.jpg', N'Sách Kiểm Soát Chi Phí Mua Hàng. Giá bán 154000 đồng.', 399, 1, 3, 47, 5)
INSERT [dbo].[Sach] ([MaSach], [TenSach], [GiaGoc], [HinhAnh], [MoTa], [SLTon], [TrangThaiS], [MaTL], [MaTG], [MaNXB]) VALUES (68, N'Từ Tốt Đến Vĩ Đại - Jim Collins', CAST(110500.00 AS Decimal(18, 2)), N'https://cdn1.fahasa.com/media/catalog/product/n/x/nxbtre_full_09462021_024609.jpg', N'Sách Từ Tốt Đến Vĩ Đại. Giá bán 110500 đồng.', 477, 1, 3, 57, 7)
INSERT [dbo].[Sach] ([MaSach], [TenSach], [GiaGoc], [HinhAnh], [MoTa], [SLTon], [TrangThaiS], [MaTL], [MaTG], [MaNXB]) VALUES (69, N'Kỹ Năng Bán Hàng Tuyệt Đỉnh (Tái Bản 2022)', CAST(81600.00 AS Decimal(18, 2)), N'https://cdn1.fahasa.com/media/catalog/product/8/9/8935278607342.jpg', N'Sách Kỹ Năng Bán Hàng Tuyệt Đỉnh. Giá bán 81600 đồng.', 494, 1, 3, 52, 5)
INSERT [dbo].[Sach] ([MaSach], [TenSach], [GiaGoc], [HinhAnh], [MoTa], [SLTon], [TrangThaiS], [MaTL], [MaTG], [MaNXB]) VALUES (70, N'Nghĩ Giàu & Làm Giàu (Tái Bản 2020)', CAST(88000.00 AS Decimal(18, 2)), N'https://cdn1.fahasa.com/media/catalog/product/n/g/nghigiaulamgiau_110k-01_bia-1.jpg', N'Sách Nghĩ Giàu & Làm Giàu. Giá bán 88000 đồng.', 191, 1, 3, 61, 10)
INSERT [dbo].[Sach] ([MaSach], [TenSach], [GiaGoc], [HinhAnh], [MoTa], [SLTon], [TrangThaiS], [MaTL], [MaTG], [MaNXB]) VALUES (71, N'Cổ Phiếu Thường Lợi Nhuận Phi Thường', CAST(169000.00 AS Decimal(18, 2)), N'https://cdn1.fahasa.com/media/catalog/product/i/m/image_239806.jpg', N'Sách Cổ Phiếu Thường Lợi Nhuận Phi Thường. Giá bán 169000 đồng.', 435, 1, 3, 64, 7)
INSERT [dbo].[Sach] ([MaSach], [TenSach], [GiaGoc], [HinhAnh], [MoTa], [SLTon], [TrangThaiS], [MaTL], [MaTG], [MaNXB]) VALUES (72, N'Dốc Hết Trái Tim (Tái Bản 2018)', CAST(127500.00 AS Decimal(18, 2)), N'https://cdn1.fahasa.com/media/catalog/product/8/9/8934974152361_11.jpg', N'Sách Dốc Hết Trái Tim. Giá bán 127500 đồng.', 215, 1, 3, 55, 11)
INSERT [dbo].[Sach] ([MaSach], [TenSach], [GiaGoc], [HinhAnh], [MoTa], [SLTon], [TrangThaiS], [MaTL], [MaTG], [MaNXB]) VALUES (73, N'Trò Chơi Của Những Kẻ Hiểu Luật', CAST(152000.00 AS Decimal(18, 2)), N'https://cdn1.fahasa.com/media/catalog/product/t/r/tr_-ch_i-c_a-nh_ng-k_-hi_u-lu_t---b_a-1.jpg', N'Sách Trò Chơi Của Những Kẻ Hiểu Luật. Giá bán 152000 đồng.', 142, 1, 3, 49, 11)
INSERT [dbo].[Sach] ([MaSach], [TenSach], [GiaGoc], [HinhAnh], [MoTa], [SLTon], [TrangThaiS], [MaTL], [MaTG], [MaNXB]) VALUES (74, N'Người Bán Hàng Vĩ Đại Nhất Thế Giới', CAST(118000.00 AS Decimal(18, 2)), N'https://cdn1.fahasa.com/media/catalog/product/i/m/image_195509_1_47973.jpg', N'Sách Người Bán Hàng Vĩ Đại Nhất Thế Giới. Giá bán 118000 đồng.', 313, 1, 3, 63, 10)
INSERT [dbo].[Sach] ([MaSach], [TenSach], [GiaGoc], [HinhAnh], [MoTa], [SLTon], [TrangThaiS], [MaTL], [MaTG], [MaNXB]) VALUES (75, N'Quản Trị Bằng Văn Hóa', CAST(200000.00 AS Decimal(18, 2)), N'https://cdn1.fahasa.com/media/catalog/product/8/9/8935280401068.jpg', N'Sách Quản Trị Bằng Văn Hóa. Giá bán 200000 đồng.', 194, 1, 3, 28, 10)
INSERT [dbo].[Sach] ([MaSach], [TenSach], [GiaGoc], [HinhAnh], [MoTa], [SLTon], [TrangThaiS], [MaTL], [MaTG], [MaNXB]) VALUES (76, N'Huyết Quỷ Hỗn Chiến - Tập 8', CAST(33000.00 AS Decimal(18, 2)), N'https://cdn1.fahasa.com/media/catalog/product/h/u/huyet-quy-hon-chien_tap-8_bia.jpg', N'Sách Huyết Quỷ Hỗn Chiến - Tập 8. Giá bán 33000 đồng.', 474, 1, 4, 81, 12)
INSERT [dbo].[Sach] ([MaSach], [TenSach], [GiaGoc], [HinhAnh], [MoTa], [SLTon], [TrangThaiS], [MaTL], [MaTG], [MaNXB]) VALUES (77, N'Thám Tử Lừng Danh Conan - Tập 102', CAST(23500.00 AS Decimal(18, 2)), N'https://cdn1.fahasa.com/media/catalog/product/c/o/conan_bia_tap-102.jpg', N'Sách Thám Tử Lừng Danh Conan - Tập 102. Giá bán 23500 đồng.', 236, 1, 4, 71, 12)
INSERT [dbo].[Sach] ([MaSach], [TenSach], [GiaGoc], [HinhAnh], [MoTa], [SLTon], [TrangThaiS], [MaTL], [MaTG], [MaNXB]) VALUES (78, N'One Piece - Tập 108 - Bản Bìa Áo', CAST(28500.00 AS Decimal(18, 2)), N'https://cdn1.fahasa.com/media/catalog/product/o/n/one-piece_tap-108_bia-roi_mockup.jpg', N'Sách One Piece - Tập 108. Giá bán 28500 đồng.', 226, 1, 4, 69, 12)
INSERT [dbo].[Sach] ([MaSach], [TenSach], [GiaGoc], [HinhAnh], [MoTa], [SLTon], [TrangThaiS], [MaTL], [MaTG], [MaNXB]) VALUES (79, N'Hoa Thơm Kiêu Hãnh - Tập 4', CAST(52000.00 AS Decimal(18, 2)), N'https://cdn1.fahasa.com/media/catalog/product/n/x/nxbtre_full_05512025_095107.jpg', N'Sách Hoa Thơm Kiêu Hãnh - Tập 4. Giá bán 52000 đồng.', 227, 1, 4, 79, 7)
INSERT [dbo].[Sach] ([MaSach], [TenSach], [GiaGoc], [HinhAnh], [MoTa], [SLTon], [TrangThaiS], [MaTL], [MaTG], [MaNXB]) VALUES (80, N'Thám Tử Lừng Danh Conan - Tập 41 - Bản Nâng Cấp', CAST(33000.00 AS Decimal(18, 2)), N'https://cdn1.fahasa.com/media/catalog/product/t/h/tham-tu-lung-danh-conan_ban-nang-cap_tap-41_bia_bookmark.jpg', N'Sách Thám Tử Lừng Danh Conan - Tập 41. Giá bán 33000 đồng.', 22, 1, 4, 71, 12)
INSERT [dbo].[Sach] ([MaSach], [TenSach], [GiaGoc], [HinhAnh], [MoTa], [SLTon], [TrangThaiS], [MaTL], [MaTG], [MaNXB]) VALUES (81, N'Dấu Ấn Hoàng Gia - Tập 27', CAST(28500.00 AS Decimal(18, 2)), N'https://cdn1.fahasa.com/media/catalog/product/d/a/dau-an-hoang-gia_tap-27_bia.jpg', N'Sách Dấu Ấn Hoàng Gia - Tập 27. Giá bán 28500 đồng.', 32, 1, 4, 67, 12)
INSERT [dbo].[Sach] ([MaSach], [TenSach], [GiaGoc], [HinhAnh], [MoTa], [SLTon], [TrangThaiS], [MaTL], [MaTG], [MaNXB]) VALUES (82, N'Yêu Ôi Là "Eo" - Tập 2', CAST(47500.00 AS Decimal(18, 2)), N'https://cdn1.fahasa.com/media/catalog/product/n/x/nxbtre_full_12552025_075552_1.jpg', N'Sách Yêu Ôi Là "Eo" - Tập 2. Giá bán 47500 đồng.', 342, 1, 4, 68, 7)
INSERT [dbo].[Sach] ([MaSach], [TenSach], [GiaGoc], [HinhAnh], [MoTa], [SLTon], [TrangThaiS], [MaTL], [MaTG], [MaNXB]) VALUES (83, N'Shangri-La Frontier - Tập 13', CAST(38000.00 AS Decimal(18, 2)), N'https://cdn1.fahasa.com/media/catalog/product/s/h/shangrila-frontier_tap-13_bia.jpg', N'Sách Shangri-La Frontier - Tập 13. Giá bán 38000 đồng.', 205, 1, 4, 73, 12)
INSERT [dbo].[Sach] ([MaSach], [TenSach], [GiaGoc], [HinhAnh], [MoTa], [SLTon], [TrangThaiS], [MaTL], [MaTG], [MaNXB]) VALUES (84, N'Summer Time Render - Tập 12 - Bản Đặc Biệt', CAST(52000.00 AS Decimal(18, 2)), N'https://cdn1.fahasa.com/media/catalog/product/2/2/220825-5.jpg', N'Sách Summer Time Render - Tập 12. Giá bán 52000 đồng.', 45, 1, 4, 82, 12)
INSERT [dbo].[Sach] ([MaSach], [TenSach], [GiaGoc], [HinhAnh], [MoTa], [SLTon], [TrangThaiS], [MaTL], [MaTG], [MaNXB]) VALUES (85, N'Vương Quốc Vàng - Vương Quốc Nước - Bản Đặc Biệt', CAST(94000.00 AS Decimal(18, 2)), N'https://cdn1.fahasa.com/media/catalog/product/c/o/copy_14_nxbtre_full_13392025_023922.jpg', N'Sách Vương Quốc Vàng. Giá bán 94000 đồng.', 421, 1, 4, 77, 7)
INSERT [dbo].[Sach] ([MaSach], [TenSach], [GiaGoc], [HinhAnh], [MoTa], [SLTon], [TrangThaiS], [MaTL], [MaTG], [MaNXB]) VALUES (86, N'Tình Yêu Nhân Vật Phụ - Tập 11', CAST(42500.00 AS Decimal(18, 2)), N'https://cdn1.fahasa.com/media/catalog/product/n/x/nxbtre_full_12552025_075531.jpg', N'Sách Tình Yêu Nhân Vật Phụ - Tập 11. Giá bán 42500 đồng.', 243, 1, 4, 76, 7)
INSERT [dbo].[Sach] ([MaSach], [TenSach], [GiaGoc], [HinhAnh], [MoTa], [SLTon], [TrangThaiS], [MaTL], [MaTG], [MaNXB]) VALUES (87, N'Nhóc Pương', CAST(99000.00 AS Decimal(18, 2)), N'https://cdn1.fahasa.com/media/catalog/product/z/6/z6701317258696_137bcb6243102594956449fdad89053f.jpg', N'Sách Nhóc Pương. Giá bán đã cập nhật 99000 đồng.', 154, 1, 4, 80, 1)
INSERT [dbo].[Sach] ([MaSach], [TenSach], [GiaGoc], [HinhAnh], [MoTa], [SLTon], [TrangThaiS], [MaTL], [MaTG], [MaNXB]) VALUES (88, N'Blue Box - Tập 11 - Cảm Xúc Mạnh Mẽ Nhất', CAST(38000.00 AS Decimal(18, 2)), N'https://cdn1.fahasa.com/media/catalog/product/b/l/bluebox_tap-11_bia_standee.jpg', N'Sách Blue Box - Tập 11. Giá bán 38000 đồng.', 338, 1, 4, 74, 12)
INSERT [dbo].[Sach] ([MaSach], [TenSach], [GiaGoc], [HinhAnh], [MoTa], [SLTon], [TrangThaiS], [MaTL], [MaTG], [MaNXB]) VALUES (89, N'Thanh Gươm Diệt Quỷ - Tập 19 (Tái Bản 2025)', CAST(28500.00 AS Decimal(18, 2)), N'https://cdn1.fahasa.com/media/catalog/product/t/h/thanh-guom-diet-quy_tap-19_tb-2025.jpg', N'Sách Thanh Gươm Diệt Quỷ - Tập 19. Giá bán 28500 đồng.', 214, 1, 4, 75, 12)
INSERT [dbo].[Sach] ([MaSach], [TenSach], [GiaGoc], [HinhAnh], [MoTa], [SLTon], [TrangThaiS], [MaTL], [MaTG], [MaNXB]) VALUES (90, N'Thanh Gươm Diệt Quỷ - Tập 21 (Tái Bản 2025)', CAST(28500.00 AS Decimal(18, 2)), N'https://cdn1.fahasa.com/media/catalog/product/t/h/thanh-guom-diet-quy_tap-21_tb-2025.jpg', N'Sách Thanh Gươm Diệt Quỷ - Tập 21. Giá bán 28500 đồng.', 468, 1, 4, 75, 12)
INSERT [dbo].[Sach] ([MaSach], [TenSach], [GiaGoc], [HinhAnh], [MoTa], [SLTon], [TrangThaiS], [MaTL], [MaTG], [MaNXB]) VALUES (91, N'Thám Tử Lừng Danh Conan - Tập 101', CAST(23500.00 AS Decimal(18, 2)), N'https://cdn1.fahasa.com/media/catalog/product/t/h/tham-tu-lung-danh-conan_bia_tap-101.jpg', N'Sách Thám Tử Lừng Danh Conan - Tập 101. Giá bán 23500 đồng.', 460, 1, 4, 71, 12)
INSERT [dbo].[Sach] ([MaSach], [TenSach], [GiaGoc], [HinhAnh], [MoTa], [SLTon], [TrangThaiS], [MaTL], [MaTG], [MaNXB]) VALUES (92, N'Chú Thuật Hồi Chiến', CAST(30000.00 AS Decimal(18, 2)), N'https://cdn1.fahasa.com/media/catalog/product/c/h/chu-thuat-hoi-chien_ban-thuong_bia_tap-16_thanh_ly.jpg', N'Sách Chú Thuật Hồi Chiến. Giá bán đã cập nhật 30000 đồng.', 24, 1, 4, 70, 12)
INSERT [dbo].[Sach] ([MaSach], [TenSach], [GiaGoc], [HinhAnh], [MoTa], [SLTon], [TrangThaiS], [MaTL], [MaTG], [MaNXB]) VALUES (93, N'Dấu Ấn Hoàng Gia - Tập 26 - Tặng Kèm Postcard', CAST(28500.00 AS Decimal(18, 2)), N'https://cdn1.fahasa.com/media/catalog/product/d/a/dau-an-hoang-gia_tap-26_bia_postcard.jpg', N'Sách Dấu Ấn Hoàng Gia - Tập 26. Giá bán 28500 đồng.', 216, 1, 4, 67, 12)
INSERT [dbo].[Sach] ([MaSach], [TenSach], [GiaGoc], [HinhAnh], [MoTa], [SLTon], [TrangThaiS], [MaTL], [MaTG], [MaNXB]) VALUES (94, N'Thanh Gươm Diệt Quỷ - Tập 23 (Tái Bản 2025)', CAST(28500.00 AS Decimal(18, 2)), N'https://cdn1.fahasa.com/media/catalog/product/t/h/thanh-guom-diet-quy_tap-23_tb-2025.jpg', N'Sách Thanh Gươm Diệt Quỷ - Tập 23. Giá bán 28500 đồng.', 434, 1, 4, 75, 12)
INSERT [dbo].[Sach] ([MaSach], [TenSach], [GiaGoc], [HinhAnh], [MoTa], [SLTon], [TrangThaiS], [MaTL], [MaTG], [MaNXB]) VALUES (95, N'Huyết Quỷ Hỗn Chiến - Tập 7 - Tặng Kèm Postcard', CAST(33000.00 AS Decimal(18, 2)), N'https://cdn1.fahasa.com/media/catalog/product/h/u/huyet-quy-hon-chien_tap-7_bia_postcard.jpg', N'Sách Huyết Quỷ Hỗn Chiến - Tập 7. Giá bán 33000 đồng.', 244, 1, 4, 81, 12)
INSERT [dbo].[Sach] ([MaSach], [TenSach], [GiaGoc], [HinhAnh], [MoTa], [SLTon], [TrangThaiS], [MaTL], [MaTG], [MaNXB]) VALUES (96, N'Thám Tử Lừng Danh Conan - Tập 1 (Tái Bản 2023)', CAST(23500.00 AS Decimal(18, 2)), N'https://cdn1.fahasa.com/media/catalog/product/i/m/image_182222_1.jpg', N'Sách Thám Tử Lừng Danh Conan - Tập 1. Giá bán 23500 đồng.', 190, 1, 4, 71, 12)
INSERT [dbo].[Sach] ([MaSach], [TenSach], [GiaGoc], [HinhAnh], [MoTa], [SLTon], [TrangThaiS], [MaTL], [MaTG], [MaNXB]) VALUES (97, N'Thánh Địa Khủng Long - Tập 3 - Tặng Kèm Dinosaur Card', CAST(52000.00 AS Decimal(18, 2)), N'https://cdn1.fahasa.com/media/catalog/product/n/x/nxbtre_full_05492025_094947.jpg', N'Sách Thánh Địa Khủng Long - Tập 3. Giá bán 52000 đồng.', 163, 1, 4, 72, 7)
INSERT [dbo].[Sach] ([MaSach], [TenSach], [GiaGoc], [HinhAnh], [MoTa], [SLTon], [TrangThaiS], [MaTL], [MaTG], [MaNXB]) VALUES (98, N'Thám Tử Lừng Danh Conan - Tập 38 - Bản Nâng Cấp', CAST(33000.00 AS Decimal(18, 2)), N'https://cdn1.fahasa.com/media/catalog/product/t/h/tham-tu-lung-danh-conan_ban-nang-cap_tap-38_bia_bookmark.jpg', N'Sách Thám Tử Lừng Danh Conan - Tập 38. Giá bán 33000 đồng.', 341, 1, 4, 71, 12)
INSERT [dbo].[Sach] ([MaSach], [TenSach], [GiaGoc], [HinhAnh], [MoTa], [SLTon], [TrangThaiS], [MaTL], [MaTG], [MaNXB]) VALUES (99, N'Hồ Sơ Mật - The Top Secret - Season 0 - Tập 9', CAST(52000.00 AS Decimal(18, 2)), N'https://cdn1.fahasa.com/media/catalog/product/n/x/nxbtre_full_16572025_105727.jpg', N'Sách Hồ Sơ Mật - The Top Secret - Season 0 - Tập 9. Giá bán 52000 đồng.', 350, 1, 4, 78, 7)
INSERT [dbo].[Sach] ([MaSach], [TenSach], [GiaGoc], [HinhAnh], [MoTa], [SLTon], [TrangThaiS], [MaTL], [MaTG], [MaNXB]) VALUES (100, N'Dấu Ấn Hoàng Gia - Tập 25', CAST(28500.00 AS Decimal(18, 2)), N'https://cdn1.fahasa.com/media/catalog/product/d/a/dau-an-hoang-gia_tap-25_bia.jpg', N'Sách Dấu Ấn Hoàng Gia - Tập 25. Giá bán 28500 đồng.', 360, 1, 4, 67, 12)
INSERT [dbo].[Sach] ([MaSach], [TenSach], [GiaGoc], [HinhAnh], [MoTa], [SLTon], [TrangThaiS], [MaTL], [MaTG], [MaNXB]) VALUES (101, N'Solo Leveling - Tôi Thăng Cấp Một Mình - Tập 22', CAST(83500.00 AS Decimal(18, 2)), N'https://cdn1.fahasa.com/media/catalog/product/s/o/solo-leveling_tap-22_bia_obi_card.jpg', N'Sách Solo Leveling - Tôi Thăng Cấp Một Mình - Tập 22. Giá bán 83500 đồng.', 30, 1, 4, 83, 2)
SET IDENTITY_INSERT [dbo].[Sach] OFF
GO

INSERT [dbo].[KhachHang] ([MaND], [TrangThaiTK]) VALUES (1, 1)
INSERT [dbo].[KhachHang] ([MaND], [TrangThaiTK]) VALUES (2, 1)
INSERT [dbo].[KhachHang] ([MaND], [TrangThaiTK]) VALUES (3, 1)
INSERT [dbo].[KhachHang] ([MaND], [TrangThaiTK]) VALUES (4, 1)
INSERT [dbo].[KhachHang] ([MaND], [TrangThaiTK]) VALUES (5, 1)
INSERT [dbo].[KhachHang] ([MaND], [TrangThaiTK]) VALUES (6, 1)
INSERT [dbo].[KhachHang] ([MaND], [TrangThaiTK]) VALUES (7, 1)
INSERT [dbo].[KhachHang] ([MaND], [TrangThaiTK]) VALUES (8, 1)
INSERT [dbo].[KhachHang] ([MaND], [TrangThaiTK]) VALUES (9, 1)
INSERT [dbo].[KhachHang] ([MaND], [TrangThaiTK]) VALUES (10, 1)
INSERT [dbo].[KhachHang] ([MaND], [TrangThaiTK]) VALUES (11, 1)
INSERT [dbo].[KhachHang] ([MaND], [TrangThaiTK]) VALUES (12, 1)
INSERT [dbo].[KhachHang] ([MaND], [TrangThaiTK]) VALUES (13, 1)
INSERT [dbo].[KhachHang] ([MaND], [TrangThaiTK]) VALUES (14, 1)
INSERT [dbo].[KhachHang] ([MaND], [TrangThaiTK]) VALUES (15, 1)
INSERT [dbo].[KhachHang] ([MaND], [TrangThaiTK]) VALUES (16, 1)
INSERT [dbo].[KhachHang] ([MaND], [TrangThaiTK]) VALUES (17, 1)
INSERT [dbo].[KhachHang] ([MaND], [TrangThaiTK]) VALUES (18, 1)
INSERT [dbo].[KhachHang] ([MaND], [TrangThaiTK]) VALUES (19, 1)
INSERT [dbo].[KhachHang] ([MaND], [TrangThaiTK]) VALUES (20, 1)
INSERT [dbo].[KhachHang] ([MaND], [TrangThaiTK]) VALUES (21, 1)
INSERT [dbo].[KhachHang] ([MaND], [TrangThaiTK]) VALUES (22, 1)
INSERT [dbo].[KhachHang] ([MaND], [TrangThaiTK]) VALUES (23, 1)
INSERT [dbo].[KhachHang] ([MaND], [TrangThaiTK]) VALUES (24, 1)
INSERT [dbo].[KhachHang] ([MaND], [TrangThaiTK]) VALUES (25, 1)
INSERT [dbo].[KhachHang] ([MaND], [TrangThaiTK]) VALUES (26, 1)
INSERT [dbo].[KhachHang] ([MaND], [TrangThaiTK]) VALUES (27, 1)
INSERT [dbo].[KhachHang] ([MaND], [TrangThaiTK]) VALUES (28, 1)
INSERT [dbo].[KhachHang] ([MaND], [TrangThaiTK]) VALUES (29, 1)
INSERT [dbo].[KhachHang] ([MaND], [TrangThaiTK]) VALUES (30, 1)
INSERT [dbo].[KhachHang] ([MaND], [TrangThaiTK]) VALUES (31, 1)
INSERT [dbo].[KhachHang] ([MaND], [TrangThaiTK]) VALUES (32, 1)
INSERT [dbo].[KhachHang] ([MaND], [TrangThaiTK]) VALUES (33, 1)
INSERT [dbo].[KhachHang] ([MaND], [TrangThaiTK]) VALUES (34, 1)
INSERT [dbo].[KhachHang] ([MaND], [TrangThaiTK]) VALUES (35, 1)
GO

INSERT [dbo].[NguoiQuanTri] ([MaND], [NgayVaoLam]) VALUES (36, CAST(N'2026-05-15' AS Date))
INSERT [dbo].[NguoiQuanTri] ([MaND], [NgayVaoLam]) VALUES (37, CAST(N'2026-05-15' AS Date))
INSERT [dbo].[NguoiQuanTri] ([MaND], [NgayVaoLam]) VALUES (38, CAST(N'2026-05-15' AS Date))
INSERT [dbo].[NguoiQuanTri] ([MaND], [NgayVaoLam]) VALUES (39, CAST(N'2026-05-15' AS Date))
INSERT [dbo].[NguoiQuanTri] ([MaND], [NgayVaoLam]) VALUES (40, CAST(N'2026-05-15' AS Date))
GO



SET IDENTITY_INSERT [dbo].[DonDatHang] ON 
INSERT [dbo].[DonDatHang] ([MaDH], [NgayDat], [TrangThaiDon], [MaVanDon], [DiaChiGH], [MaND], [MaNguoiDuyet], [TongTien]) VALUES (42, CAST(N'2026-04-12T05:40:24.157' AS DateTime), 3, N'VNPOST78416', N'Địa chỉ giao hàng số 1', 7, 39, CAST(487000.00 AS Decimal(18, 2)))
INSERT [dbo].[DonDatHang] ([MaDH], [NgayDat], [TrangThaiDon], [MaVanDon], [DiaChiGH], [MaND], [MaNguoiDuyet], [TongTien]) VALUES (43, CAST(N'2026-03-31T05:40:24.157' AS DateTime), 1, N'VNPOST96105', N'Địa chỉ giao hàng số 2', 3, 38, CAST(549900.00 AS Decimal(18, 2)))
INSERT [dbo].[DonDatHang] ([MaDH], [NgayDat], [TrangThaiDon], [MaVanDon], [DiaChiGH], [MaND], [MaNguoiDuyet], [TongTien]) VALUES (44, CAST(N'2026-05-15T05:40:24.157' AS DateTime), 2, N'VNPOST58634', N'Địa chỉ giao hàng số 3', 31, 37, CAST(609000.00 AS Decimal(18, 2)))
INSERT [dbo].[DonDatHang] ([MaDH], [NgayDat], [TrangThaiDon], [MaVanDon], [DiaChiGH], [MaND], [MaNguoiDuyet], [TongTien]) VALUES (45, CAST(N'2026-04-19T05:40:24.157' AS DateTime), 3, N'VNPOST28660', N'Địa chỉ giao hàng số 4', 19, 40, CAST(518550.00 AS Decimal(18, 2)))
INSERT [dbo].[DonDatHang] ([MaDH], [NgayDat], [TrangThaiDon], [MaVanDon], [DiaChiGH], [MaND], [MaNguoiDuyet], [TongTien]) VALUES (46, CAST(N'2026-04-06T05:40:24.157' AS DateTime), 2, N'VNPOST19324', N'Địa chỉ giao hàng số 5', 27, 36, CAST(476000.00 AS Decimal(18, 2)))
INSERT [dbo].[DonDatHang] ([MaDH], [NgayDat], [TrangThaiDon], [MaVanDon], [DiaChiGH], [MaND], [MaNguoiDuyet], [TongTien]) VALUES (47, CAST(N'2026-04-04T05:40:24.157' AS DateTime), 1, N'VNPOST22394', N'Địa chỉ giao hàng số 6', 34, 39, CAST(333000.00 AS Decimal(18, 2)))
INSERT [dbo].[DonDatHang] ([MaDH], [NgayDat], [TrangThaiDon], [MaVanDon], [DiaChiGH], [MaND], [MaNguoiDuyet], [TongTien]) VALUES (48, CAST(N'2026-03-18T05:40:24.157' AS DateTime), 2, N'VNPOST65345', N'Địa chỉ giao hàng số 7', 5, 38, CAST(467000.00 AS Decimal(18, 2)))
INSERT [dbo].[DonDatHang] ([MaDH], [NgayDat], [TrangThaiDon], [MaVanDon], [DiaChiGH], [MaND], [MaNguoiDuyet], [TongTien]) VALUES (49, CAST(N'2026-04-08T05:40:24.157' AS DateTime), 3, N'VNPOST73809', N'Địa chỉ giao hàng số 8', 28, 37, CAST(690000.00 AS Decimal(18, 2)))
INSERT [dbo].[DonDatHang] ([MaDH], [NgayDat], [TrangThaiDon], [MaVanDon], [DiaChiGH], [MaND], [MaNguoiDuyet], [TongTien]) VALUES (50, CAST(N'2026-04-25T05:40:24.157' AS DateTime), 3, N'VNPOST88344', N'Địa chỉ giao hàng số 9', 11, 40, CAST(63000.00 AS Decimal(18, 2)))
INSERT [dbo].[DonDatHang] ([MaDH], [NgayDat], [TrangThaiDon], [MaVanDon], [DiaChiGH], [MaND], [MaNguoiDuyet], [TongTien]) VALUES (51, CAST(N'2026-04-15T05:40:24.157' AS DateTime), 1, N'VNPOST70112', N'Địa chỉ giao hàng số 10', 32, 36, CAST(819000.00 AS Decimal(18, 2)))
INSERT [dbo].[DonDatHang] ([MaDH], [NgayDat], [TrangThaiDon], [MaVanDon], [DiaChiGH], [MaND], [MaNguoiDuyet], [TongTien]) VALUES (52, CAST(N'2026-04-28T05:40:24.157' AS DateTime), 4, N'VNPOST46517', N'Địa chỉ giao hàng số 11', 1, 39, CAST(909000.00 AS Decimal(18, 2)))
INSERT [dbo].[DonDatHang] ([MaDH], [NgayDat], [TrangThaiDon], [MaVanDon], [DiaChiGH], [MaND], [MaNguoiDuyet], [TongTien]) VALUES (53, CAST(N'2026-04-18T05:40:24.157' AS DateTime), 0, NULL, N'Địa chỉ giao hàng số 12', 24, NULL, CAST(338500.00 AS Decimal(18, 2)))
INSERT [dbo].[DonDatHang] ([MaDH], [NgayDat], [TrangThaiDon], [MaVanDon], [DiaChiGH], [MaND], [MaNguoiDuyet], [TongTien]) VALUES (54, CAST(N'2026-04-14T05:40:24.157' AS DateTime), 3, N'VNPOST75419', N'Địa chỉ giao hàng số 13', 25, 37, CAST(543500.00 AS Decimal(18, 2)))
INSERT [dbo].[DonDatHang] ([MaDH], [NgayDat], [TrangThaiDon], [MaVanDon], [DiaChiGH], [MaND], [MaNguoiDuyet], [TongTien]) VALUES (55, CAST(N'2026-03-23T05:40:24.157' AS DateTime), 3, N'VNPOST53477', N'Địa chỉ giao hàng số 14', 33, 40, CAST(327000.00 AS Decimal(18, 2)))
INSERT [dbo].[DonDatHang] ([MaDH], [NgayDat], [TrangThaiDon], [MaVanDon], [DiaChiGH], [MaND], [MaNguoiDuyet], [TongTien]) VALUES (56, CAST(N'2026-04-22T05:40:24.157' AS DateTime), 2, N'VNPOST59483', N'Địa chỉ giao hàng số 15', 15, 36, CAST(604500.00 AS Decimal(18, 2)))
INSERT [dbo].[DonDatHang] ([MaDH], [NgayDat], [TrangThaiDon], [MaVanDon], [DiaChiGH], [MaND], [MaNguoiDuyet], [TongTien]) VALUES (57, CAST(N'2026-05-06T05:40:24.157' AS DateTime), 1, N'VNPOST94735', N'Địa chỉ giao hàng số 16', 8, 39, CAST(316250.00 AS Decimal(18, 2)))
INSERT [dbo].[DonDatHang] ([MaDH], [NgayDat], [TrangThaiDon], [MaVanDon], [DiaChiGH], [MaND], [MaNguoiDuyet], [TongTien]) VALUES (58, CAST(N'2026-04-02T05:40:24.157' AS DateTime), 2, N'VNPOST4768', N'Địa chỉ giao hàng số 17', 9, 38, CAST(203500.00 AS Decimal(18, 2)))
INSERT [dbo].[DonDatHang] ([MaDH], [NgayDat], [TrangThaiDon], [MaVanDon], [DiaChiGH], [MaND], [MaNguoiDuyet], [TongTien]) VALUES (59, CAST(N'2026-03-22T05:40:24.157' AS DateTime), 1, N'VNPOST36447', N'Địa chỉ giao hàng số 18', 18, 37, CAST(281000.00 AS Decimal(18, 2)))
INSERT [dbo].[DonDatHang] ([MaDH], [NgayDat], [TrangThaiDon], [MaVanDon], [DiaChiGH], [MaND], [MaNguoiDuyet], [TongTien]) VALUES (60, CAST(N'2026-04-14T05:40:24.157' AS DateTime), 0, NULL, N'Địa chỉ giao hàng số 19', 23, NULL, CAST(114000.00 AS Decimal(18, 2)))
INSERT [dbo].[DonDatHang] ([MaDH], [NgayDat], [TrangThaiDon], [MaVanDon], [DiaChiGH], [MaND], [MaNguoiDuyet], [TongTien]) VALUES (61, CAST(N'2026-03-17T05:40:24.157' AS DateTime), 3, N'VNPOST78324', N'Địa chỉ giao hàng số 20', 35, 36, CAST(498000.00 AS Decimal(18, 2)))
INSERT [dbo].[DonDatHang] ([MaDH], [NgayDat], [TrangThaiDon], [MaVanDon], [DiaChiGH], [MaND], [MaNguoiDuyet], [TongTien]) VALUES (62, CAST(N'2026-04-23T05:40:24.157' AS DateTime), 2, N'VNPOST39633', N'Địa chỉ giao hàng số 21', 20, 39, CAST(400000.00 AS Decimal(18, 2)))
INSERT [dbo].[DonDatHang] ([MaDH], [NgayDat], [TrangThaiDon], [MaVanDon], [DiaChiGH], [MaND], [MaNguoiDuyet], [TongTien]) VALUES (63, CAST(N'2026-03-19T05:40:24.157' AS DateTime), 2, N'VNPOST409', N'Địa chỉ giao hàng số 22', 6, 38, CAST(503500.00 AS Decimal(18, 2)))
INSERT [dbo].[DonDatHang] ([MaDH], [NgayDat], [TrangThaiDon], [MaVanDon], [DiaChiGH], [MaND], [MaNguoiDuyet], [TongTien]) VALUES (64, CAST(N'2026-03-17T05:40:24.157' AS DateTime), 1, N'VNPOST13407', N'Địa chỉ giao hàng số 23', 13, 37, CAST(442000.00 AS Decimal(18, 2)))
INSERT [dbo].[DonDatHang] ([MaDH], [NgayDat], [TrangThaiDon], [MaVanDon], [DiaChiGH], [MaND], [MaNguoiDuyet], [TongTien]) VALUES (65, CAST(N'2026-03-20T05:40:24.157' AS DateTime), 0, NULL, N'Địa chỉ giao hàng số 24', 29, NULL, CAST(961000.00 AS Decimal(18, 2)))
INSERT [dbo].[DonDatHang] ([MaDH], [NgayDat], [TrangThaiDon], [MaVanDon], [DiaChiGH], [MaND], [MaNguoiDuyet], [TongTien]) VALUES (66, CAST(N'2026-04-13T05:40:24.157' AS DateTime), 3, N'VNPOST93486', N'Địa chỉ giao hàng số 25', 30, 36, CAST(224500.00 AS Decimal(18, 2)))
INSERT [dbo].[DonDatHang] ([MaDH], [NgayDat], [TrangThaiDon], [MaVanDon], [DiaChiGH], [MaND], [MaNguoiDuyet], [TongTien]) VALUES (67, CAST(N'2026-04-08T05:40:24.157' AS DateTime), 0, NULL, N'Địa chỉ giao hàng số 26', 22, NULL, CAST(646000.00 AS Decimal(18, 2)))
INSERT [dbo].[DonDatHang] ([MaDH], [NgayDat], [TrangThaiDon], [MaVanDon], [DiaChiGH], [MaND], [MaNguoiDuyet], [TongTien]) VALUES (68, CAST(N'2026-05-15T05:40:24.157' AS DateTime), 1, N'VNPOST8243', N'Địa chỉ giao hàng số 27', 10, 40, CAST(743500.00 AS Decimal(18, 2)))
INSERT [dbo].[DonDatHang] ([MaDH], [NgayDat], [TrangThaiDon], [MaVanDon], [DiaChiGH], [MaND], [MaNguoiDuyet], [TongTien]) VALUES (69, CAST(N'2026-05-07T05:40:24.157' AS DateTime), 3, N'VNPOST17150', N'Địa chỉ giao hàng số 28', 26, 37, CAST(342850.00 AS Decimal(18, 2)))
INSERT [dbo].[DonDatHang] ([MaDH], [NgayDat], [TrangThaiDon], [MaVanDon], [DiaChiGH], [MaND], [MaNguoiDuyet], [TongTien]) VALUES (70, CAST(N'2026-03-24T05:40:24.157' AS DateTime), 2, N'VNPOST18901', N'Địa chỉ giao hàng số 29', 12, 40, CAST(139000.00 AS Decimal(18, 2)))
INSERT [dbo].[DonDatHang] ([MaDH], [NgayDat], [TrangThaiDon], [MaVanDon], [DiaChiGH], [MaND], [MaNguoiDuyet], [TongTien]) VALUES (71, CAST(N'2026-03-26T05:40:24.157' AS DateTime), 0, NULL, N'Địa chỉ giao hàng số 30', 17, NULL, CAST(232500.00 AS Decimal(18, 2)))
INSERT [dbo].[DonDatHang] ([MaDH], [NgayDat], [TrangThaiDon], [MaVanDon], [DiaChiGH], [MaND], [MaNguoiDuyet], [TongTien]) VALUES (72, CAST(N'2026-03-21T05:40:24.157' AS DateTime), 2, N'VNPOST31519', N'Địa chỉ giao hàng số 31', 2, 39, CAST(427500.00 AS Decimal(18, 2)))
INSERT [dbo].[DonDatHang] ([MaDH], [NgayDat], [TrangThaiDon], [MaVanDon], [DiaChiGH], [MaND], [MaNguoiDuyet], [TongTien]) VALUES (73, CAST(N'2026-05-05T05:40:24.157' AS DateTime), 3, N'VNPOST41796', N'Địa chỉ giao hàng số 32', 16, 38, CAST(207600.00 AS Decimal(18, 2)))
INSERT [dbo].[DonDatHang] ([MaDH], [NgayDat], [TrangThaiDon], [MaVanDon], [DiaChiGH], [MaND], [MaNguoiDuyet], [TongTien]) VALUES (74, CAST(N'2026-03-18T05:40:24.157' AS DateTime), 1, N'VNPOST98315', N'Địa chỉ giao hàng số 33', 21, 37, CAST(400800.00 AS Decimal(18, 2)))
INSERT [dbo].[DonDatHang] ([MaDH], [NgayDat], [TrangThaiDon], [MaVanDon], [DiaChiGH], [MaND], [MaNguoiDuyet], [TongTien]) VALUES (75, CAST(N'2026-04-17T05:40:24.157' AS DateTime), 1, N'VNPOST80025', N'Địa chỉ giao hàng số 34', 4, 40, CAST(322500.00 AS Decimal(18, 2)))
INSERT [dbo].[DonDatHang] ([MaDH], [NgayDat], [TrangThaiDon], [MaVanDon], [DiaChiGH], [MaND], [MaNguoiDuyet], [TongTien]) VALUES (76, CAST(N'2026-05-09T05:40:24.157' AS DateTime), 3, N'VNPOST99408', N'Địa chỉ giao hàng số 35', 14, 36, CAST(508000.00 AS Decimal(18, 2)))
INSERT [dbo].[DonDatHang] ([MaDH], [NgayDat], [TrangThaiDon], [MaVanDon], [DiaChiGH], [MaND], [MaNguoiDuyet], [TongTien]) VALUES (77, CAST(N'2026-04-24T05:40:24.157' AS DateTime), 0, NULL, N'Địa chỉ giao hàng số 36', 7, NULL, CAST(814400.00 AS Decimal(18, 2)))
INSERT [dbo].[DonDatHang] ([MaDH], [NgayDat], [TrangThaiDon], [MaVanDon], [DiaChiGH], [MaND], [MaNguoiDuyet], [TongTien]) VALUES (78, CAST(N'2026-04-28T05:40:24.157' AS DateTime), 3, N'', N'Địa chỉ giao hàng số 37', 3, 40, CAST(266000.00 AS Decimal(18, 2)))
INSERT [dbo].[DonDatHang] ([MaDH], [NgayDat], [TrangThaiDon], [MaVanDon], [DiaChiGH], [MaND], [MaNguoiDuyet], [TongTien]) VALUES (79, CAST(N'2026-03-31T05:40:24.157' AS DateTime), 1, N'VNPOST51875', N'Địa chỉ giao hàng số 38', 31, 37, CAST(361400.00 AS Decimal(18, 2)))
INSERT [dbo].[DonDatHang] ([MaDH], [NgayDat], [TrangThaiDon], [MaVanDon], [DiaChiGH], [MaND], [MaNguoiDuyet], [TongTien]) VALUES (80, CAST(N'2026-04-03T05:40:24.157' AS DateTime), 3, N'VNPOST3441', N'Địa chỉ giao hàng số 39', 19, 40, CAST(137000.00 AS Decimal(18, 2)))
INSERT [dbo].[DonDatHang] ([MaDH], [NgayDat], [TrangThaiDon], [MaVanDon], [DiaChiGH], [MaND], [MaNguoiDuyet], [TongTien]) VALUES (81, CAST(N'2026-04-16T05:40:24.157' AS DateTime), 2, N'VNPOST79916', N'Địa chỉ giao hàng số 40', 27, 36, CAST(893000.00 AS Decimal(18, 2)))
INSERT [dbo].[DonDatHang] ([MaDH], [NgayDat], [TrangThaiDon], [MaVanDon], [DiaChiGH], [MaND], [MaNguoiDuyet], [TongTien]) VALUES (82, CAST(N'2026-05-16T22:32:55.493' AS DateTime), 2, N'', N'95 đường Thống Nhất', 1, 40, CAST(143000.00 AS Decimal(18, 2)))
INSERT [dbo].[DonDatHang] ([MaDH], [NgayDat], [TrangThaiDon], [MaVanDon], [DiaChiGH], [MaND], [MaNguoiDuyet], [TongTien]) VALUES (83, CAST(N'2026-05-17T06:47:07.900' AS DateTime), 3, N'VNPOST9976', N'123 Đường Lê Văn Lương, Tân Hưng, TP.HCM', 1, 40, CAST(220000.00 AS Decimal(18, 2)))
INSERT [dbo].[DonDatHang] ([MaDH], [NgayDat], [TrangThaiDon], [MaVanDon], [DiaChiGH], [MaND], [MaNguoiDuyet], [TongTien]) VALUES (84, CAST(N'2026-05-18T10:44:35.123' AS DateTime), 2, N'VNPOST1187', N'100 Hồ Hảo Hớn, Phường Cô Giang, Quận 1', 1, 40, CAST(54720.00 AS Decimal(18, 2)))
SET IDENTITY_INSERT [dbo].[DonDatHang] OFF
GO

INSERT [dbo].[GioHang] ([MaND], [MaSach], [TongSLSach]) VALUES (1, 7, 1)
INSERT [dbo].[GioHang] ([MaND], [MaSach], [TongSLSach]) VALUES (1, 72, 2)
INSERT [dbo].[GioHang] ([MaND], [MaSach], [TongSLSach]) VALUES (2, 6, 3)
INSERT [dbo].[GioHang] ([MaND], [MaSach], [TongSLSach]) VALUES (2, 101, 1)
INSERT [dbo].[GioHang] ([MaND], [MaSach], [TongSLSach]) VALUES (3, 39, 4)
INSERT [dbo].[GioHang] ([MaND], [MaSach], [TongSLSach]) VALUES (3, 74, 5)
INSERT [dbo].[GioHang] ([MaND], [MaSach], [TongSLSach]) VALUES (4, 46, 1)
INSERT [dbo].[GioHang] ([MaND], [MaSach], [TongSLSach]) VALUES (4, 51, 1)
INSERT [dbo].[GioHang] ([MaND], [MaSach], [TongSLSach]) VALUES (5, 83, 1)
INSERT [dbo].[GioHang] ([MaND], [MaSach], [TongSLSach]) VALUES (5, 87, 5)
INSERT [dbo].[GioHang] ([MaND], [MaSach], [TongSLSach]) VALUES (6, 5, 4)
INSERT [dbo].[GioHang] ([MaND], [MaSach], [TongSLSach]) VALUES (6, 7, 4)
INSERT [dbo].[GioHang] ([MaND], [MaSach], [TongSLSach]) VALUES (7, 73, 5)
INSERT [dbo].[GioHang] ([MaND], [MaSach], [TongSLSach]) VALUES (7, 75, 2)
INSERT [dbo].[GioHang] ([MaND], [MaSach], [TongSLSach]) VALUES (8, 72, 2)
INSERT [dbo].[GioHang] ([MaND], [MaSach], [TongSLSach]) VALUES (8, 75, 1)
INSERT [dbo].[GioHang] ([MaND], [MaSach], [TongSLSach]) VALUES (9, 39, 3)
INSERT [dbo].[GioHang] ([MaND], [MaSach], [TongSLSach]) VALUES (9, 59, 3)
INSERT [dbo].[GioHang] ([MaND], [MaSach], [TongSLSach]) VALUES (10, 46, 4)
INSERT [dbo].[GioHang] ([MaND], [MaSach], [TongSLSach]) VALUES (10, 87, 3)
INSERT [dbo].[GioHang] ([MaND], [MaSach], [TongSLSach]) VALUES (11, 59, 5)
INSERT [dbo].[GioHang] ([MaND], [MaSach], [TongSLSach]) VALUES (11, 66, 2)
INSERT [dbo].[GioHang] ([MaND], [MaSach], [TongSLSach]) VALUES (12, 38, 1)
INSERT [dbo].[GioHang] ([MaND], [MaSach], [TongSLSach]) VALUES (12, 84, 5)
INSERT [dbo].[GioHang] ([MaND], [MaSach], [TongSLSach]) VALUES (13, 78, 4)
INSERT [dbo].[GioHang] ([MaND], [MaSach], [TongSLSach]) VALUES (13, 95, 2)
INSERT [dbo].[GioHang] ([MaND], [MaSach], [TongSLSach]) VALUES (14, 36, 4)
INSERT [dbo].[GioHang] ([MaND], [MaSach], [TongSLSach]) VALUES (14, 49, 4)
INSERT [dbo].[GioHang] ([MaND], [MaSach], [TongSLSach]) VALUES (15, 80, 4)
INSERT [dbo].[GioHang] ([MaND], [MaSach], [TongSLSach]) VALUES (15, 95, 5)
INSERT [dbo].[GioHang] ([MaND], [MaSach], [TongSLSach]) VALUES (16, 40, 5)
INSERT [dbo].[GioHang] ([MaND], [MaSach], [TongSLSach]) VALUES (16, 85, 3)
INSERT [dbo].[GioHang] ([MaND], [MaSach], [TongSLSach]) VALUES (17, 9, 1)
INSERT [dbo].[GioHang] ([MaND], [MaSach], [TongSLSach]) VALUES (17, 14, 1)
INSERT [dbo].[GioHang] ([MaND], [MaSach], [TongSLSach]) VALUES (18, 71, 3)
INSERT [dbo].[GioHang] ([MaND], [MaSach], [TongSLSach]) VALUES (18, 77, 5)
INSERT [dbo].[GioHang] ([MaND], [MaSach], [TongSLSach]) VALUES (19, 74, 2)
INSERT [dbo].[GioHang] ([MaND], [MaSach], [TongSLSach]) VALUES (19, 94, 4)
INSERT [dbo].[GioHang] ([MaND], [MaSach], [TongSLSach]) VALUES (20, 49, 3)
INSERT [dbo].[GioHang] ([MaND], [MaSach], [TongSLSach]) VALUES (20, 50, 3)
INSERT [dbo].[GioHang] ([MaND], [MaSach], [TongSLSach]) VALUES (21, 3, 3)
INSERT [dbo].[GioHang] ([MaND], [MaSach], [TongSLSach]) VALUES (21, 62, 5)
INSERT [dbo].[GioHang] ([MaND], [MaSach], [TongSLSach]) VALUES (22, 25, 3)
INSERT [dbo].[GioHang] ([MaND], [MaSach], [TongSLSach]) VALUES (22, 71, 5)
INSERT [dbo].[GioHang] ([MaND], [MaSach], [TongSLSach]) VALUES (23, 7, 4)
INSERT [dbo].[GioHang] ([MaND], [MaSach], [TongSLSach]) VALUES (23, 58, 1)
INSERT [dbo].[GioHang] ([MaND], [MaSach], [TongSLSach]) VALUES (24, 30, 3)
INSERT [dbo].[GioHang] ([MaND], [MaSach], [TongSLSach]) VALUES (24, 51, 2)
INSERT [dbo].[GioHang] ([MaND], [MaSach], [TongSLSach]) VALUES (25, 71, 5)
INSERT [dbo].[GioHang] ([MaND], [MaSach], [TongSLSach]) VALUES (25, 87, 4)
INSERT [dbo].[GioHang] ([MaND], [MaSach], [TongSLSach]) VALUES (26, 24, 4)
INSERT [dbo].[GioHang] ([MaND], [MaSach], [TongSLSach]) VALUES (26, 47, 1)
INSERT [dbo].[GioHang] ([MaND], [MaSach], [TongSLSach]) VALUES (27, 50, 3)
INSERT [dbo].[GioHang] ([MaND], [MaSach], [TongSLSach]) VALUES (27, 76, 1)
INSERT [dbo].[GioHang] ([MaND], [MaSach], [TongSLSach]) VALUES (28, 42, 5)
INSERT [dbo].[GioHang] ([MaND], [MaSach], [TongSLSach]) VALUES (28, 71, 3)
INSERT [dbo].[GioHang] ([MaND], [MaSach], [TongSLSach]) VALUES (29, 60, 4)
INSERT [dbo].[GioHang] ([MaND], [MaSach], [TongSLSach]) VALUES (29, 99, 4)
INSERT [dbo].[GioHang] ([MaND], [MaSach], [TongSLSach]) VALUES (30, 85, 1)
INSERT [dbo].[GioHang] ([MaND], [MaSach], [TongSLSach]) VALUES (30, 94, 5)
INSERT [dbo].[GioHang] ([MaND], [MaSach], [TongSLSach]) VALUES (31, 44, 3)
INSERT [dbo].[GioHang] ([MaND], [MaSach], [TongSLSach]) VALUES (31, 46, 4)
INSERT [dbo].[GioHang] ([MaND], [MaSach], [TongSLSach]) VALUES (32, 35, 5)
INSERT [dbo].[GioHang] ([MaND], [MaSach], [TongSLSach]) VALUES (32, 59, 5)
INSERT [dbo].[GioHang] ([MaND], [MaSach], [TongSLSach]) VALUES (33, 42, 2)
INSERT [dbo].[GioHang] ([MaND], [MaSach], [TongSLSach]) VALUES (33, 101, 1)
INSERT [dbo].[GioHang] ([MaND], [MaSach], [TongSLSach]) VALUES (34, 32, 5)
INSERT [dbo].[GioHang] ([MaND], [MaSach], [TongSLSach]) VALUES (34, 86, 1)
INSERT [dbo].[GioHang] ([MaND], [MaSach], [TongSLSach]) VALUES (35, 24, 2)
INSERT [dbo].[GioHang] ([MaND], [MaSach], [TongSLSach]) VALUES (35, 30, 5)
GO




INSERT [dbo].[ChiTietDonDatHang] ([MaDH], [MaSach], [SLSach], [DonGia]) VALUES (42, 47, 2, CAST(74000.00 AS Decimal(18, 2)))
INSERT [dbo].[ChiTietDonDatHang] ([MaDH], [MaSach], [SLSach], [DonGia]) VALUES (42, 50, 2, CAST(86000.00 AS Decimal(18, 2)))
INSERT [dbo].[ChiTietDonDatHang] ([MaDH], [MaSach], [SLSach], [DonGia]) VALUES (42, 101, 2, CAST(83500.00 AS Decimal(18, 2)))
INSERT [dbo].[ChiTietDonDatHang] ([MaDH], [MaSach], [SLSach], [DonGia]) VALUES (43, 49, 3, CAST(111300.00 AS Decimal(18, 2)))
INSERT [dbo].[ChiTietDonDatHang] ([MaDH], [MaSach], [SLSach], [DonGia]) VALUES (43, 51, 1, CAST(216000.00 AS Decimal(18, 2)))
INSERT [dbo].[ChiTietDonDatHang] ([MaDH], [MaSach], [SLSach], [DonGia]) VALUES (44, 64, 3, CAST(151000.00 AS Decimal(18, 2)))
INSERT [dbo].[ChiTietDonDatHang] ([MaDH], [MaSach], [SLSach], [DonGia]) VALUES (44, 79, 3, CAST(52000.00 AS Decimal(18, 2)))
INSERT [dbo].[ChiTietDonDatHang] ([MaDH], [MaSach], [SLSach], [DonGia]) VALUES (45, 39, 3, CAST(102000.00 AS Decimal(18, 2)))
INSERT [dbo].[ChiTietDonDatHang] ([MaDH], [MaSach], [SLSach], [DonGia]) VALUES (45, 45, 3, CAST(70850.00 AS Decimal(18, 2)))
INSERT [dbo].[ChiTietDonDatHang] ([MaDH], [MaSach], [SLSach], [DonGia]) VALUES (46, 75, 2, CAST(200000.00 AS Decimal(18, 2)))
INSERT [dbo].[ChiTietDonDatHang] ([MaDH], [MaSach], [SLSach], [DonGia]) VALUES (46, 83, 2, CAST(38000.00 AS Decimal(18, 2)))
INSERT [dbo].[ChiTietDonDatHang] ([MaDH], [MaSach], [SLSach], [DonGia]) VALUES (47, 38, 2, CAST(91000.00 AS Decimal(18, 2)))
INSERT [dbo].[ChiTietDonDatHang] ([MaDH], [MaSach], [SLSach], [DonGia]) VALUES (47, 64, 1, CAST(151000.00 AS Decimal(18, 2)))
INSERT [dbo].[ChiTietDonDatHang] ([MaDH], [MaSach], [SLSach], [DonGia]) VALUES (48, 11, 2, CAST(156500.00 AS Decimal(18, 2)))
INSERT [dbo].[ChiTietDonDatHang] ([MaDH], [MaSach], [SLSach], [DonGia]) VALUES (48, 67, 1, CAST(154000.00 AS Decimal(18, 2)))
INSERT [dbo].[ChiTietDonDatHang] ([MaDH], [MaSach], [SLSach], [DonGia]) VALUES (49, 23, 3, CAST(188000.00 AS Decimal(18, 2)))
INSERT [dbo].[ChiTietDonDatHang] ([MaDH], [MaSach], [SLSach], [DonGia]) VALUES (49, 32, 1, CAST(69000.00 AS Decimal(18, 2)))
INSERT [dbo].[ChiTietDonDatHang] ([MaDH], [MaSach], [SLSach], [DonGia]) VALUES (49, 90, 2, CAST(28500.00 AS Decimal(18, 2)))
INSERT [dbo].[ChiTietDonDatHang] ([MaDH], [MaSach], [SLSach], [DonGia]) VALUES (50, 92, 1, CAST(30000.00 AS Decimal(18, 2)))
INSERT [dbo].[ChiTietDonDatHang] ([MaDH], [MaSach], [SLSach], [DonGia]) VALUES (50, 95, 1, CAST(33000.00 AS Decimal(18, 2)))
INSERT [dbo].[ChiTietDonDatHang] ([MaDH], [MaSach], [SLSach], [DonGia]) VALUES (51, 37, 3, CAST(92500.00 AS Decimal(18, 2)))
INSERT [dbo].[ChiTietDonDatHang] ([MaDH], [MaSach], [SLSach], [DonGia]) VALUES (51, 73, 3, CAST(152000.00 AS Decimal(18, 2)))
INSERT [dbo].[ChiTietDonDatHang] ([MaDH], [MaSach], [SLSach], [DonGia]) VALUES (51, 90, 3, CAST(28500.00 AS Decimal(18, 2)))
INSERT [dbo].[ChiTietDonDatHang] ([MaDH], [MaSach], [SLSach], [DonGia]) VALUES (52, 31, 2, CAST(69000.00 AS Decimal(18, 2)))
INSERT [dbo].[ChiTietDonDatHang] ([MaDH], [MaSach], [SLSach], [DonGia]) VALUES (52, 34, 2, CAST(160500.00 AS Decimal(18, 2)))
INSERT [dbo].[ChiTietDonDatHang] ([MaDH], [MaSach], [SLSach], [DonGia]) VALUES (52, 62, 3, CAST(150000.00 AS Decimal(18, 2)))
INSERT [dbo].[ChiTietDonDatHang] ([MaDH], [MaSach], [SLSach], [DonGia]) VALUES (53, 57, 2, CAST(98000.00 AS Decimal(18, 2)))
INSERT [dbo].[ChiTietDonDatHang] ([MaDH], [MaSach], [SLSach], [DonGia]) VALUES (53, 82, 3, CAST(47500.00 AS Decimal(18, 2)))
INSERT [dbo].[ChiTietDonDatHang] ([MaDH], [MaSach], [SLSach], [DonGia]) VALUES (54, 25, 3, CAST(114500.00 AS Decimal(18, 2)))
INSERT [dbo].[ChiTietDonDatHang] ([MaDH], [MaSach], [SLSach], [DonGia]) VALUES (54, 75, 1, CAST(200000.00 AS Decimal(18, 2)))
INSERT [dbo].[ChiTietDonDatHang] ([MaDH], [MaSach], [SLSach], [DonGia]) VALUES (55, 64, 1, CAST(151000.00 AS Decimal(18, 2)))
INSERT [dbo].[ChiTietDonDatHang] ([MaDH], [MaSach], [SLSach], [DonGia]) VALUES (55, 70, 2, CAST(88000.00 AS Decimal(18, 2)))
INSERT [dbo].[ChiTietDonDatHang] ([MaDH], [MaSach], [SLSach], [DonGia]) VALUES (56, 70, 3, CAST(88000.00 AS Decimal(18, 2)))
INSERT [dbo].[ChiTietDonDatHang] ([MaDH], [MaSach], [SLSach], [DonGia]) VALUES (56, 72, 2, CAST(127500.00 AS Decimal(18, 2)))
INSERT [dbo].[ChiTietDonDatHang] ([MaDH], [MaSach], [SLSach], [DonGia]) VALUES (56, 94, 3, CAST(28500.00 AS Decimal(18, 2)))
INSERT [dbo].[ChiTietDonDatHang] ([MaDH], [MaSach], [SLSach], [DonGia]) VALUES (57, 12, 1, CAST(209000.00 AS Decimal(18, 2)))
INSERT [dbo].[ChiTietDonDatHang] ([MaDH], [MaSach], [SLSach], [DonGia]) VALUES (57, 48, 1, CAST(55250.00 AS Decimal(18, 2)))
INSERT [dbo].[ChiTietDonDatHang] ([MaDH], [MaSach], [SLSach], [DonGia]) VALUES (57, 97, 1, CAST(52000.00 AS Decimal(18, 2)))
INSERT [dbo].[ChiTietDonDatHang] ([MaDH], [MaSach], [SLSach], [DonGia]) VALUES (58, 7, 1, CAST(76500.00 AS Decimal(18, 2)))
INSERT [dbo].[ChiTietDonDatHang] ([MaDH], [MaSach], [SLSach], [DonGia]) VALUES (58, 16, 1, CAST(127000.00 AS Decimal(18, 2)))
INSERT [dbo].[ChiTietDonDatHang] ([MaDH], [MaSach], [SLSach], [DonGia]) VALUES (59, 26, 1, CAST(167000.00 AS Decimal(18, 2)))
INSERT [dbo].[ChiTietDonDatHang] ([MaDH], [MaSach], [SLSach], [DonGia]) VALUES (59, 88, 3, CAST(38000.00 AS Decimal(18, 2)))
INSERT [dbo].[ChiTietDonDatHang] ([MaDH], [MaSach], [SLSach], [DonGia]) VALUES (60, 89, 3, CAST(28500.00 AS Decimal(18, 2)))
INSERT [dbo].[ChiTietDonDatHang] ([MaDH], [MaSach], [SLSach], [DonGia]) VALUES (60, 93, 1, CAST(28500.00 AS Decimal(18, 2)))
INSERT [dbo].[ChiTietDonDatHang] ([MaDH], [MaSach], [SLSach], [DonGia]) VALUES (61, 51, 2, CAST(216000.00 AS Decimal(18, 2)))
INSERT [dbo].[ChiTietDonDatHang] ([MaDH], [MaSach], [SLSach], [DonGia]) VALUES (61, 95, 2, CAST(33000.00 AS Decimal(18, 2)))
INSERT [dbo].[ChiTietDonDatHang] ([MaDH], [MaSach], [SLSach], [DonGia]) VALUES (62, 18, 1, CAST(172000.00 AS Decimal(18, 2)))
INSERT [dbo].[ChiTietDonDatHang] ([MaDH], [MaSach], [SLSach], [DonGia]) VALUES (62, 35, 1, CAST(124000.00 AS Decimal(18, 2)))
INSERT [dbo].[ChiTietDonDatHang] ([MaDH], [MaSach], [SLSach], [DonGia]) VALUES (62, 79, 2, CAST(52000.00 AS Decimal(18, 2)))
INSERT [dbo].[ChiTietDonDatHang] ([MaDH], [MaSach], [SLSach], [DonGia]) VALUES (63, 12, 2, CAST(209000.00 AS Decimal(18, 2)))
INSERT [dbo].[ChiTietDonDatHang] ([MaDH], [MaSach], [SLSach], [DonGia]) VALUES (63, 94, 3, CAST(28500.00 AS Decimal(18, 2)))
INSERT [dbo].[ChiTietDonDatHang] ([MaDH], [MaSach], [SLSach], [DonGia]) VALUES (64, 5, 2, CAST(143000.00 AS Decimal(18, 2)))
INSERT [dbo].[ChiTietDonDatHang] ([MaDH], [MaSach], [SLSach], [DonGia]) VALUES (64, 97, 3, CAST(52000.00 AS Decimal(18, 2)))
INSERT [dbo].[ChiTietDonDatHang] ([MaDH], [MaSach], [SLSach], [DonGia]) VALUES (65, 5, 3, CAST(143000.00 AS Decimal(18, 2)))
INSERT [dbo].[ChiTietDonDatHang] ([MaDH], [MaSach], [SLSach], [DonGia]) VALUES (65, 23, 2, CAST(188000.00 AS Decimal(18, 2)))
INSERT [dbo].[ChiTietDonDatHang] ([MaDH], [MaSach], [SLSach], [DonGia]) VALUES (65, 79, 3, CAST(52000.00 AS Decimal(18, 2)))
INSERT [dbo].[ChiTietDonDatHang] ([MaDH], [MaSach], [SLSach], [DonGia]) VALUES (66, 32, 1, CAST(69000.00 AS Decimal(18, 2)))
INSERT [dbo].[ChiTietDonDatHang] ([MaDH], [MaSach], [SLSach], [DonGia]) VALUES (66, 86, 2, CAST(42500.00 AS Decimal(18, 2)))
INSERT [dbo].[ChiTietDonDatHang] ([MaDH], [MaSach], [SLSach], [DonGia]) VALUES (66, 96, 3, CAST(23500.00 AS Decimal(18, 2)))
INSERT [dbo].[ChiTietDonDatHang] ([MaDH], [MaSach], [SLSach], [DonGia]) VALUES (67, 30, 2, CAST(69500.00 AS Decimal(18, 2)))
INSERT [dbo].[ChiTietDonDatHang] ([MaDH], [MaSach], [SLSach], [DonGia]) VALUES (67, 56, 3, CAST(169000.00 AS Decimal(18, 2)))
INSERT [dbo].[ChiTietDonDatHang] ([MaDH], [MaSach], [SLSach], [DonGia]) VALUES (68, 34, 1, CAST(160500.00 AS Decimal(18, 2)))
INSERT [dbo].[ChiTietDonDatHang] ([MaDH], [MaSach], [SLSach], [DonGia]) VALUES (68, 41, 1, CAST(100000.00 AS Decimal(18, 2)))
INSERT [dbo].[ChiTietDonDatHang] ([MaDH], [MaSach], [SLSach], [DonGia]) VALUES (68, 43, 2, CAST(241500.00 AS Decimal(18, 2)))
INSERT [dbo].[ChiTietDonDatHang] ([MaDH], [MaSach], [SLSach], [DonGia]) VALUES (69, 45, 1, CAST(70850.00 AS Decimal(18, 2)))
INSERT [dbo].[ChiTietDonDatHang] ([MaDH], [MaSach], [SLSach], [DonGia]) VALUES (69, 54, 2, CAST(84000.00 AS Decimal(18, 2)))
INSERT [dbo].[ChiTietDonDatHang] ([MaDH], [MaSach], [SLSach], [DonGia]) VALUES (69, 84, 2, CAST(52000.00 AS Decimal(18, 2)))
INSERT [dbo].[ChiTietDonDatHang] ([MaDH], [MaSach], [SLSach], [DonGia]) VALUES (70, 44, 1, CAST(68500.00 AS Decimal(18, 2)))
INSERT [dbo].[ChiTietDonDatHang] ([MaDH], [MaSach], [SLSach], [DonGia]) VALUES (70, 96, 3, CAST(23500.00 AS Decimal(18, 2)))
INSERT [dbo].[ChiTietDonDatHang] ([MaDH], [MaSach], [SLSach], [DonGia]) VALUES (71, 10, 2, CAST(102000.00 AS Decimal(18, 2)))
INSERT [dbo].[ChiTietDonDatHang] ([MaDH], [MaSach], [SLSach], [DonGia]) VALUES (71, 94, 1, CAST(28500.00 AS Decimal(18, 2)))
INSERT [dbo].[ChiTietDonDatHang] ([MaDH], [MaSach], [SLSach], [DonGia]) VALUES (72, 27, 2, CAST(61750.00 AS Decimal(18, 2)))
INSERT [dbo].[ChiTietDonDatHang] ([MaDH], [MaSach], [SLSach], [DonGia]) VALUES (72, 73, 2, CAST(152000.00 AS Decimal(18, 2)))
INSERT [dbo].[ChiTietDonDatHang] ([MaDH], [MaSach], [SLSach], [DonGia]) VALUES (73, 13, 2, CAST(69300.00 AS Decimal(18, 2)))
INSERT [dbo].[ChiTietDonDatHang] ([MaDH], [MaSach], [SLSach], [DonGia]) VALUES (73, 32, 1, CAST(69000.00 AS Decimal(18, 2)))
INSERT [dbo].[ChiTietDonDatHang] ([MaDH], [MaSach], [SLSach], [DonGia]) VALUES (74, 1, 3, CAST(111600.00 AS Decimal(18, 2)))
INSERT [dbo].[ChiTietDonDatHang] ([MaDH], [MaSach], [SLSach], [DonGia]) VALUES (74, 98, 2, CAST(33000.00 AS Decimal(18, 2)))
INSERT [dbo].[ChiTietDonDatHang] ([MaDH], [MaSach], [SLSach], [DonGia]) VALUES (75, 46, 2, CAST(126000.00 AS Decimal(18, 2)))
INSERT [dbo].[ChiTietDonDatHang] ([MaDH], [MaSach], [SLSach], [DonGia]) VALUES (75, 77, 3, CAST(23500.00 AS Decimal(18, 2)))
INSERT [dbo].[ChiTietDonDatHang] ([MaDH], [MaSach], [SLSach], [DonGia]) VALUES (76, 73, 3, CAST(152000.00 AS Decimal(18, 2)))
INSERT [dbo].[ChiTietDonDatHang] ([MaDH], [MaSach], [SLSach], [DonGia]) VALUES (76, 79, 1, CAST(52000.00 AS Decimal(18, 2)))
INSERT [dbo].[ChiTietDonDatHang] ([MaDH], [MaSach], [SLSach], [DonGia]) VALUES (77, 29, 3, CAST(91800.00 AS Decimal(18, 2)))
INSERT [dbo].[ChiTietDonDatHang] ([MaDH], [MaSach], [SLSach], [DonGia]) VALUES (77, 32, 3, CAST(69000.00 AS Decimal(18, 2)))
INSERT [dbo].[ChiTietDonDatHang] ([MaDH], [MaSach], [SLSach], [DonGia]) VALUES (77, 58, 2, CAST(166000.00 AS Decimal(18, 2)))
INSERT [dbo].[ChiTietDonDatHang] ([MaDH], [MaSach], [SLSach], [DonGia]) VALUES (78, 42, 1, CAST(182000.00 AS Decimal(18, 2)))
INSERT [dbo].[ChiTietDonDatHang] ([MaDH], [MaSach], [SLSach], [DonGia]) VALUES (78, 52, 1, CAST(84000.00 AS Decimal(18, 2)))
INSERT [dbo].[ChiTietDonDatHang] ([MaDH], [MaSach], [SLSach], [DonGia]) VALUES (79, 14, 2, CAST(44200.00 AS Decimal(18, 2)))
INSERT [dbo].[ChiTietDonDatHang] ([MaDH], [MaSach], [SLSach], [DonGia]) VALUES (79, 38, 3, CAST(91000.00 AS Decimal(18, 2)))
INSERT [dbo].[ChiTietDonDatHang] ([MaDH], [MaSach], [SLSach], [DonGia]) VALUES (80, 84, 2, CAST(52000.00 AS Decimal(18, 2)))
INSERT [dbo].[ChiTietDonDatHang] ([MaDH], [MaSach], [SLSach], [DonGia]) VALUES (80, 95, 1, CAST(33000.00 AS Decimal(18, 2)))
INSERT [dbo].[ChiTietDonDatHang] ([MaDH], [MaSach], [SLSach], [DonGia]) VALUES (81, 11, 3, CAST(156500.00 AS Decimal(18, 2)))
INSERT [dbo].[ChiTietDonDatHang] ([MaDH], [MaSach], [SLSach], [DonGia]) VALUES (81, 56, 2, CAST(169000.00 AS Decimal(18, 2)))
INSERT [dbo].[ChiTietDonDatHang] ([MaDH], [MaSach], [SLSach], [DonGia]) VALUES (81, 78, 3, CAST(28500.00 AS Decimal(18, 2)))
INSERT [dbo].[ChiTietDonDatHang] ([MaDH], [MaSach], [SLSach], [DonGia]) VALUES (82, 5, 1, CAST(143000.00 AS Decimal(18, 2)))
INSERT [dbo].[ChiTietDonDatHang] ([MaDH], [MaSach], [SLSach], [DonGia]) VALUES (83, 1, 2, CAST(50000.00 AS Decimal(18, 2)))
INSERT [dbo].[ChiTietDonDatHang] ([MaDH], [MaSach], [SLSach], [DonGia]) VALUES (83, 2, 1, CAST(120000.00 AS Decimal(18, 2)))
INSERT [dbo].[ChiTietDonDatHang] ([MaDH], [MaSach], [SLSach], [DonGia]) VALUES (84, 4, 1, CAST(54720.00 AS Decimal(18, 2)))
GO

SET IDENTITY_INSERT [dbo].[HoaDon] ON 
INSERT [dbo].[HoaDon] ([MaHD], [NgayTao], [TrangThaiTT], [GhiChu], [MaDH]) VALUES (41, CAST(N'2026-04-12T07:40:24.157' AS DateTime), N'Đã hủy', N'Hóa đơn xuất tự động từ hệ thống', 42)
INSERT [dbo].[HoaDon] ([MaHD], [NgayTao], [TrangThaiTT], [GhiChu], [MaDH]) VALUES (42, CAST(N'2026-03-31T07:40:24.157' AS DateTime), N'Đã thanh toán', N'Hóa đơn xuất tự động từ hệ thống', 43)
INSERT [dbo].[HoaDon] ([MaHD], [NgayTao], [TrangThaiTT], [GhiChu], [MaDH]) VALUES (43, CAST(N'2026-05-15T07:40:24.157' AS DateTime), N'Đã thanh toán', N'Hóa đơn xuất tự động từ hệ thống', 44)
INSERT [dbo].[HoaDon] ([MaHD], [NgayTao], [TrangThaiTT], [GhiChu], [MaDH]) VALUES (44, CAST(N'2026-04-19T07:40:24.157' AS DateTime), N'Đã hủy', N'Hóa đơn xuất tự động từ hệ thống', 45)
INSERT [dbo].[HoaDon] ([MaHD], [NgayTao], [TrangThaiTT], [GhiChu], [MaDH]) VALUES (45, CAST(N'2026-04-06T07:40:24.157' AS DateTime), N'Đã thanh toán', N'Hóa đơn xuất tự động từ hệ thống', 46)
INSERT [dbo].[HoaDon] ([MaHD], [NgayTao], [TrangThaiTT], [GhiChu], [MaDH]) VALUES (46, CAST(N'2026-04-04T07:40:24.157' AS DateTime), N'Đã thanh toán', N'Hóa đơn xuất tự động từ hệ thống', 47)
INSERT [dbo].[HoaDon] ([MaHD], [NgayTao], [TrangThaiTT], [GhiChu], [MaDH]) VALUES (47, CAST(N'2026-03-18T07:40:24.157' AS DateTime), N'Đã thanh toán', N'Hóa đơn xuất tự động từ hệ thống', 48)
INSERT [dbo].[HoaDon] ([MaHD], [NgayTao], [TrangThaiTT], [GhiChu], [MaDH]) VALUES (48, CAST(N'2026-04-08T07:40:24.157' AS DateTime), N'Đã hủy', N'Hóa đơn xuất tự động từ hệ thống', 49)
INSERT [dbo].[HoaDon] ([MaHD], [NgayTao], [TrangThaiTT], [GhiChu], [MaDH]) VALUES (49, CAST(N'2026-04-25T07:40:24.157' AS DateTime), N'Đã thanh toán', N'Hóa đơn xuất tự động từ hệ thống', 50)
INSERT [dbo].[HoaDon] ([MaHD], [NgayTao], [TrangThaiTT], [GhiChu], [MaDH]) VALUES (50, CAST(N'2026-04-15T07:40:24.157' AS DateTime), N'Đã thanh toán', N'Hóa đơn xuất tự động từ hệ thống', 51)
INSERT [dbo].[HoaDon] ([MaHD], [NgayTao], [TrangThaiTT], [GhiChu], [MaDH]) VALUES (51, CAST(N'2026-04-28T07:40:24.157' AS DateTime), N'Đã hủy', N'Hóa đơn xuất tự động từ hệ thống', 52)
INSERT [dbo].[HoaDon] ([MaHD], [NgayTao], [TrangThaiTT], [GhiChu], [MaDH]) VALUES (52, CAST(N'2026-04-18T07:40:24.157' AS DateTime), N'Chưa thanh toán', N'Hóa đơn xuất tự động từ hệ thống', 53)
INSERT [dbo].[HoaDon] ([MaHD], [NgayTao], [TrangThaiTT], [GhiChu], [MaDH]) VALUES (53, CAST(N'2026-04-14T07:40:24.157' AS DateTime), N'Đã hủy', N'Hóa đơn xuất tự động từ hệ thống', 54)
INSERT [dbo].[HoaDon] ([MaHD], [NgayTao], [TrangThaiTT], [GhiChu], [MaDH]) VALUES (54, CAST(N'2026-03-23T07:40:24.157' AS DateTime), N'Đã hủy', N'Hóa đơn xuất tự động từ hệ thống', 55)
INSERT [dbo].[HoaDon] ([MaHD], [NgayTao], [TrangThaiTT], [GhiChu], [MaDH]) VALUES (55, CAST(N'2026-04-22T07:40:24.157' AS DateTime), N'Đã thanh toán', N'Hóa đơn xuất tự động từ hệ thống', 56)
INSERT [dbo].[HoaDon] ([MaHD], [NgayTao], [TrangThaiTT], [GhiChu], [MaDH]) VALUES (56, CAST(N'2026-05-06T07:40:24.157' AS DateTime), N'Đã thanh toán', N'Hóa đơn xuất tự động từ hệ thống', 57)
INSERT [dbo].[HoaDon] ([MaHD], [NgayTao], [TrangThaiTT], [GhiChu], [MaDH]) VALUES (57, CAST(N'2026-04-02T07:40:24.157' AS DateTime), N'Đã thanh toán', N'Hóa đơn xuất tự động từ hệ thống', 58)
INSERT [dbo].[HoaDon] ([MaHD], [NgayTao], [TrangThaiTT], [GhiChu], [MaDH]) VALUES (58, CAST(N'2026-03-22T07:40:24.157' AS DateTime), N'Đã thanh toán', N'Hóa đơn xuất tự động từ hệ thống', 59)
INSERT [dbo].[HoaDon] ([MaHD], [NgayTao], [TrangThaiTT], [GhiChu], [MaDH]) VALUES (59, CAST(N'2026-04-14T07:40:24.157' AS DateTime), N'Chưa thanh toán', N'Hóa đơn xuất tự động từ hệ thống', 60)
INSERT [dbo].[HoaDon] ([MaHD], [NgayTao], [TrangThaiTT], [GhiChu], [MaDH]) VALUES (60, CAST(N'2026-03-17T07:40:24.157' AS DateTime), N'Đã hủy', N'Hóa đơn xuất tự động từ hệ thống', 61)
INSERT [dbo].[HoaDon] ([MaHD], [NgayTao], [TrangThaiTT], [GhiChu], [MaDH]) VALUES (61, CAST(N'2026-04-23T07:40:24.157' AS DateTime), N'Đã thanh toán', N'Hóa đơn xuất tự động từ hệ thống', 62)
INSERT [dbo].[HoaDon] ([MaHD], [NgayTao], [TrangThaiTT], [GhiChu], [MaDH]) VALUES (62, CAST(N'2026-03-19T07:40:24.157' AS DateTime), N'Đã thanh toán', N'Hóa đơn xuất tự động từ hệ thống', 63)
INSERT [dbo].[HoaDon] ([MaHD], [NgayTao], [TrangThaiTT], [GhiChu], [MaDH]) VALUES (63, CAST(N'2026-03-17T07:40:24.157' AS DateTime), N'Đã thanh toán', N'Hóa đơn xuất tự động từ hệ thống', 64)
INSERT [dbo].[HoaDon] ([MaHD], [NgayTao], [TrangThaiTT], [GhiChu], [MaDH]) VALUES (64, CAST(N'2026-03-20T07:40:24.157' AS DateTime), N'Chưa thanh toán', N'Hóa đơn xuất tự động từ hệ thống', 65)
INSERT [dbo].[HoaDon] ([MaHD], [NgayTao], [TrangThaiTT], [GhiChu], [MaDH]) VALUES (65, CAST(N'2026-04-13T07:40:24.157' AS DateTime), N'Đã hủy', N'Hóa đơn xuất tự động từ hệ thống', 66)
INSERT [dbo].[HoaDon] ([MaHD], [NgayTao], [TrangThaiTT], [GhiChu], [MaDH]) VALUES (66, CAST(N'2026-04-08T07:40:24.157' AS DateTime), N'Chưa thanh toán', N'Hóa đơn xuất tự động từ hệ thống', 67)
INSERT [dbo].[HoaDon] ([MaHD], [NgayTao], [TrangThaiTT], [GhiChu], [MaDH]) VALUES (67, CAST(N'2026-05-15T07:40:24.157' AS DateTime), N'Đã thanh toán', N'Hóa đơn xuất tự động từ hệ thống', 68)
INSERT [dbo].[HoaDon] ([MaHD], [NgayTao], [TrangThaiTT], [GhiChu], [MaDH]) VALUES (68, CAST(N'2026-05-07T07:40:24.157' AS DateTime), N'Đã hủy', N'Hóa đơn xuất tự động từ hệ thống', 69)
INSERT [dbo].[HoaDon] ([MaHD], [NgayTao], [TrangThaiTT], [GhiChu], [MaDH]) VALUES (69, CAST(N'2026-03-24T07:40:24.157' AS DateTime), N'Đã thanh toán', N'Hóa đơn xuất tự động từ hệ thống', 70)
INSERT [dbo].[HoaDon] ([MaHD], [NgayTao], [TrangThaiTT], [GhiChu], [MaDH]) VALUES (70, CAST(N'2026-03-26T07:40:24.157' AS DateTime), N'Chưa thanh toán', N'Hóa đơn xuất tự động từ hệ thống', 71)
INSERT [dbo].[HoaDon] ([MaHD], [NgayTao], [TrangThaiTT], [GhiChu], [MaDH]) VALUES (71, CAST(N'2026-03-21T07:40:24.157' AS DateTime), N'Đã thanh toán', N'Hóa đơn xuất tự động từ hệ thống', 72)
INSERT [dbo].[HoaDon] ([MaHD], [NgayTao], [TrangThaiTT], [GhiChu], [MaDH]) VALUES (72, CAST(N'2026-05-05T07:40:24.157' AS DateTime), N'Đã hủy', N'Hóa đơn xuất tự động từ hệ thống', 73)
INSERT [dbo].[HoaDon] ([MaHD], [NgayTao], [TrangThaiTT], [GhiChu], [MaDH]) VALUES (73, CAST(N'2026-03-18T07:40:24.157' AS DateTime), N'Đã thanh toán', N'Hóa đơn xuất tự động từ hệ thống', 74)
INSERT [dbo].[HoaDon] ([MaHD], [NgayTao], [TrangThaiTT], [GhiChu], [MaDH]) VALUES (74, CAST(N'2026-04-17T07:40:24.157' AS DateTime), N'Đã thanh toán', N'Hóa đơn xuất tự động từ hệ thống', 75)
INSERT [dbo].[HoaDon] ([MaHD], [NgayTao], [TrangThaiTT], [GhiChu], [MaDH]) VALUES (75, CAST(N'2026-05-09T07:40:24.157' AS DateTime), N'Đã thanh toán', N'Hóa đơn xuất tự động từ hệ thống', 76)
INSERT [dbo].[HoaDon] ([MaHD], [NgayTao], [TrangThaiTT], [GhiChu], [MaDH]) VALUES (76, CAST(N'2026-04-24T07:40:24.157' AS DateTime), N'Chưa thanh toán', N'Hóa đơn xuất tự động từ hệ thống', 77)
INSERT [dbo].[HoaDon] ([MaHD], [NgayTao], [TrangThaiTT], [GhiChu], [MaDH]) VALUES (77, CAST(N'2026-04-28T07:40:24.157' AS DateTime), N'Chưa thanh toán', N'Hóa đơn xuất tự động từ hệ thống', 78)
INSERT [dbo].[HoaDon] ([MaHD], [NgayTao], [TrangThaiTT], [GhiChu], [MaDH]) VALUES (78, CAST(N'2026-03-31T07:40:24.157' AS DateTime), N'Đã thanh toán', N'Hóa đơn xuất tự động từ hệ thống', 79)
INSERT [dbo].[HoaDon] ([MaHD], [NgayTao], [TrangThaiTT], [GhiChu], [MaDH]) VALUES (79, CAST(N'2026-04-03T07:40:24.157' AS DateTime), N'Đã hủy', N'Hóa đơn xuất tự động từ hệ thống', 80)
INSERT [dbo].[HoaDon] ([MaHD], [NgayTao], [TrangThaiTT], [GhiChu], [MaDH]) VALUES (80, CAST(N'2026-04-16T07:40:24.157' AS DateTime), N'Đã thanh toán', N'Hóa đơn xuất tự động từ hệ thống', 81)
INSERT [dbo].[HoaDon] ([MaHD], [NgayTao], [TrangThaiTT], [GhiChu], [MaDH]) VALUES (81, CAST(N'2026-05-16T22:32:55.553' AS DateTime), N'Chưa thanh toán', NULL, 82)
INSERT [dbo].[HoaDon] ([MaHD], [NgayTao], [TrangThaiTT], [GhiChu], [MaDH]) VALUES (82, CAST(N'2026-05-17T06:47:07.963' AS DateTime), N'Chưa thanh toán', NULL, 83)
INSERT [dbo].[HoaDon] ([MaHD], [NgayTao], [TrangThaiTT], [GhiChu], [MaDH]) VALUES (83, CAST(N'2026-05-18T10:44:35.130' AS DateTime), N'Chưa thanh toán', NULL, 84)
SET IDENTITY_INSERT [dbo].[HoaDon] OFF
GO